"E:0","E:1","E:2","arc_length","Points:0","Points:1","Points:2"
nan,nan,nan,0,-0.00053309,-0.20667,0
nan,nan,nan,8.7309e-05,-0.00044578,-0.20667,0
nan,nan,nan,0.00017462,-0.00035847,-0.20667,0
nan,nan,nan,0.00026193,-0.00027116,-0.20667,0
nan,nan,nan,0.00034924,-0.00018386,-0.20667,0
nan,nan,nan,0.00043654,-9.6547e-05,-0.20667,0
nan,nan,nan,0.00052385,-9.2383e-06,-0.20667,0
0,0,0,0.00061116,7.8071e-05,-0.20667,0
0,0,0,0.00069847,0.00016538,-0.20667,0
0,0,0,0.00078578,0.00025269,-0.20667,0
0,0,0,0.00087309,0.00034,-0.20667,0
0,0,0,0.0009604,0.00042731,-0.20667,0
0,0,0,0.0010477,0.00051461,-0.20667,0
0,0,0,0.001135,0.00060192,-0.20667,0
0,0,0,0.0012223,0.00068923,-0.20667,0
0,0,0,0.0013096,0.00077654,-0.20667,0
0,0,0,0.0013969,0.00086385,-0.20667,0
0,0,0,0.0014843,0.00095116,-0.20667,0
0,0,0,0.0015716,0.0010385,-0.20667,0
0,0,0,0.0016589,0.0011258,-0.20667,0
0,0,0,0.0017462,0.0012131,-0.20667,0
0,0,0,0.0018335,0.0013004,-0.20667,0
0,0,0,0.0019208,0.0013877,-0.20667,0
0,0,0,0.0020081,0.001475,-0.20667,0
0,0,0,0.0020954,0.0015623,-0.20667,0
0,0,0,0.0021827,0.0016496,-0.20667,0
0,0,0,0.00227,0.0017369,-0.20667,0
0,0,0,0.0023573,0.0018242,-0.20667,0
0,0,0,0.0024446,0.0019116,-0.20667,0
0,0,0,0.002532,0.0019989,-0.20667,0
0,0,0,0.0026193,0.0020862,-0.20667,0
0,0,0,0.0027066,0.0021735,-0.20667,0
0,0,0,0.0027939,0.0022608,-0.20667,0
0,0,0,0.0028812,0.0023481,-0.20667,0
0,0,0,0.0029685,0.0024354,-0.20667,0
0,0,0,0.0030558,0.0025227,-0.20667,0
0,0,0,0.0031431,0.00261,-0.20667,0
0,0,0,0.0032304,0.0026973,-0.20667,0
0,0,0,0.0033177,0.0027846,-0.20667,0
0,0,0,0.003405,0.002872,-0.20667,0
0,0,0,0.0034924,0.0029593,-0.20667,0
0,0,0,0.0035797,0.0030466,-0.20667,0
0,0,0,0.003667,0.0031339,-0.20667,0
0,0,0,0.0037543,0.0032212,-0.20667,0
0,0,0,0.0038416,0.0033085,-0.20667,0
0,0,0,0.0039289,0.0033958,-0.20667,0
0,0,0,0.0040162,0.0034831,-0.20667,0
0,0,0,0.0041035,0.0035704,-0.20667,0
0,0,0,0.0041908,0.0036577,-0.20667,0
0,0,0,0.0042781,0.003745,-0.20667,0
0,0,0,0.0043654,0.0038324,-0.20667,0
0,0,0,0.0044528,0.0039197,-0.20667,0
0,0,0,0.0045401,0.004007,-0.20667,0
0,0,0,0.0046274,0.0040943,-0.20667,0
0,0,0,0.0047147,0.0041816,-0.20667,0
0,0,0,0.004802,0.0042689,-0.20667,0
0,0,0,0.0048893,0.0043562,-0.20667,0
0,0,0,0.0049766,0.0044435,-0.20667,0
0,0,0,0.0050639,0.0045308,-0.20667,0
0,0,0,0.0051512,0.0046181,-0.20667,0
0,0,0,0.0052385,0.0047054,-0.20667,0
0,0,0,0.0053258,0.0047927,-0.20667,0
0,0,0,0.0054131,0.0048801,-0.20667,0
0,0,0,0.0055005,0.0049674,-0.20667,0
0,0,0,0.0055878,0.0050547,-0.20667,0
0,0,0,0.0056751,0.005142,-0.20667,0
0,0,0,0.0057624,0.0052293,-0.20667,0
0,0,0,0.0058497,0.0053166,-0.20667,0
0,0,0,0.005937,0.0054039,-0.20667,0
0,0,0,0.0060243,0.0054912,-0.20667,0
0,0,0,0.0061116,0.0055785,-0.20667,0
0,0,0,0.0061989,0.0056658,-0.20667,0
0,0,0,0.0062862,0.0057531,-0.20667,0
0,0,0,0.0063735,0.0058405,-0.20667,0
0,0,0,0.0064609,0.0059278,-0.20667,0
0,0,0,0.0065482,0.0060151,-0.20667,0
0,0,0,0.0066355,0.0061024,-0.20667,0
0,0,0,0.0067228,0.0061897,-0.20667,0
0,0,0,0.0068101,0.006277,-0.20667,0
0,0,0,0.0068974,0.0063643,-0.20667,0
0,0,0,0.0069847,0.0064516,-0.20667,0
0,0,0,0.007072,0.0065389,-0.20667,0
0,0,0,0.0071593,0.0066262,-0.20667,0
0,0,0,0.0072466,0.0067135,-0.20667,0
0,0,0,0.0073339,0.0068009,-0.20667,0
0,0,0,0.0074213,0.0068882,-0.20667,0
0,0,0,0.0075086,0.0069755,-0.20667,0
0,0,0,0.0075959,0.0070628,-0.20667,0
0,0,0,0.0076832,0.0071501,-0.20667,0
0,0,0,0.0077705,0.0072374,-0.20667,0
0,0,0,0.0078578,0.0073247,-0.20667,0
0,0,0,0.0079451,0.007412,-0.20667,0
0,0,0,0.0080324,0.0074993,-0.20667,0
0,0,0,0.0081197,0.0075866,-0.20667,0
0,0,0,0.008207,0.0076739,-0.20667,0
0,0,0,0.0082943,0.0077613,-0.20667,0
0,0,0,0.0083817,0.0078486,-0.20667,0
0,0,0,0.008469,0.0079359,-0.20667,0
0,0,0,0.0085563,0.0080232,-0.20667,0
0,0,0,0.0086436,0.0081105,-0.20667,0
0,0,0,0.0087309,0.0081978,-0.20667,0
0,0,0,0.0088182,0.0082851,-0.20667,0
0,0,0,0.0089055,0.0083724,-0.20667,0
0,0,0,0.0089928,0.0084597,-0.20667,0
0,0,0,0.0090801,0.008547,-0.20667,0
0,0,0,0.0091674,0.0086343,-0.20667,0
0,0,0,0.0092547,0.0087216,-0.20667,0
0,0,0,0.009342,0.008809,-0.20667,0
0,0,0,0.0094294,0.0088963,-0.20667,0
0,0,0,0.0095167,0.0089836,-0.20667,0
0,0,0,0.009604,0.0090709,-0.20667,0
0,0,0,0.0096913,0.0091582,-0.20667,0
0,0,0,0.0097786,0.0092455,-0.20667,0
0,0,0,0.0098659,0.0093328,-0.20667,0
0,0,0,0.0099532,0.0094201,-0.20667,0
0,0,0,0.010041,0.0095074,-0.20667,0
0,0,0,0.010128,0.0095947,-0.20667,0
0,0,0,0.010215,0.009682,-0.20667,0
0,0,0,0.010302,0.0097694,-0.20667,0
0,0,0,0.01039,0.0098567,-0.20667,0
0,0,0,0.010477,0.009944,-0.20667,0
0,0,0,0.010564,0.010031,-0.20667,0
0,0,0,0.010652,0.010119,-0.20667,0
0,0,0,0.010739,0.010206,-0.20667,0
0,0,0,0.010826,0.010293,-0.20667,0
0,0,0,0.010914,0.010381,-0.20667,0
0,0,0,0.011001,0.010468,-0.20667,0
0,0,0,0.011088,0.010555,-0.20667,0
0,0,0,0.011176,0.010642,-0.20667,0
0,0,0,0.011263,0.01073,-0.20667,0
0,0,0,0.01135,0.010817,-0.20667,0
0,0,0,0.011437,0.010904,-0.20667,0
0,0,0,0.011525,0.010992,-0.20667,0
0,0,0,0.011612,0.011079,-0.20667,0
0,0,0,0.011699,0.011166,-0.20667,0
0,0,0,0.011787,0.011254,-0.20667,0
0,0,0,0.011874,0.011341,-0.20667,0
0,0,0,0.011961,0.011428,-0.20667,0
0,0,0,0.012049,0.011516,-0.20667,0
0,0,0,0.012136,0.011603,-0.20667,0
0,0,0,0.012223,0.01169,-0.20667,0
0,0,0,0.012311,0.011777,-0.20667,0
0,0,0,0.012398,0.011865,-0.20667,0
0,0,0,0.012485,0.011952,-0.20667,0
0,0,0,0.012572,0.012039,-0.20667,0
0,0,0,0.01266,0.012127,-0.20667,0
0,0,0,0.012747,0.012214,-0.20667,0
0,0,0,0.012834,0.012301,-0.20667,0
0,0,0,0.012922,0.012389,-0.20667,0
0,0,0,0.013009,0.012476,-0.20667,0
0,0,0,0.013096,0.012563,-0.20667,0
0,0,0,0.013184,0.012651,-0.20667,0
0,0,0,0.013271,0.012738,-0.20667,0
0,0,0,0.013358,0.012825,-0.20667,0
0,0,0,0.013446,0.012912,-0.20667,0
0,0,0,0.013533,0.013,-0.20667,0
0,0,0,0.01362,0.013087,-0.20667,0
0,0,0,0.013707,0.013174,-0.20667,0
0,0,0,0.013795,0.013262,-0.20667,0
0,0,0,0.013882,0.013349,-0.20667,0
0,0,0,0.013969,0.013436,-0.20667,0
0,0,0,0.014057,0.013524,-0.20667,0
0,0,0,0.014144,0.013611,-0.20667,0
0,0,0,0.014231,0.013698,-0.20667,0
0,0,0,0.014319,0.013786,-0.20667,0
0,0,0,0.014406,0.013873,-0.20667,0
0,0,0,0.014493,0.01396,-0.20667,0
0,0,0,0.014581,0.014047,-0.20667,0
0,0,0,0.014668,0.014135,-0.20667,0
0,0,0,0.014755,0.014222,-0.20667,0
0,0,0,0.014843,0.014309,-0.20667,0
0,0,0,0.01493,0.014397,-0.20667,0
0,0,0,0.015017,0.014484,-0.20667,0
0,0,0,0.015104,0.014571,-0.20667,0
0,0,0,0.015192,0.014659,-0.20667,0
0,0,0,0.015279,0.014746,-0.20667,0
0,0,0,0.015366,0.014833,-0.20667,0
0,0,0,0.015454,0.014921,-0.20667,0
0,0,0,0.015541,0.015008,-0.20667,0
0,0,0,0.015628,0.015095,-0.20667,0
0,0,0,0.015716,0.015183,-0.20667,0
0,0,0,0.015803,0.01527,-0.20667,0
0,0,0,0.01589,0.015357,-0.20667,0
0,0,0,0.015978,0.015444,-0.20667,0
0,0,0,0.016065,0.015532,-0.20667,0
0,0,0,0.016152,0.015619,-0.20667,0
0,0,0,0.016239,0.015706,-0.20667,0
0,0,0,0.016327,0.015794,-0.20667,0
0,0,0,0.016414,0.015881,-0.20667,0
0,0,0,0.016501,0.015968,-0.20667,0
0,0,0,0.016589,0.016056,-0.20667,0
0,0,0,0.016676,0.016143,-0.20667,0
0,0,0,0.016763,0.01623,-0.20667,0
0,0,0,0.016851,0.016318,-0.20667,0
0,0,0,0.016938,0.016405,-0.20667,0
0,0,0,0.017025,0.016492,-0.20667,0
0,0,0,0.017113,0.016579,-0.20667,0
0,0,0,0.0172,0.016667,-0.20667,0
0,0,0,0.017287,0.016754,-0.20667,0
0,0,0,0.017374,0.016841,-0.20667,0
0,0,0,0.017462,0.016929,-0.20667,0
0,0,0,0.017549,0.017016,-0.20667,0
0,0,0,0.017636,0.017103,-0.20667,0
0,0,0,0.017724,0.017191,-0.20667,0
0,0,0,0.017811,0.017278,-0.20667,0
0,0,0,0.017898,0.017365,-0.20667,0
0,0,0,0.017986,0.017453,-0.20667,0
0,0,0,0.018073,0.01754,-0.20667,0
0,0,0,0.01816,0.017627,-0.20667,0
0,0,0,0.018248,0.017714,-0.20667,0
0,0,0,0.018335,0.017802,-0.20667,0
0,0,0,0.018422,0.017889,-0.20667,0
0,0,0,0.018509,0.017976,-0.20667,0
0,0,0,0.018597,0.018064,-0.20667,0
0,0,0,0.018684,0.018151,-0.20667,0
0,0,0,0.018771,0.018238,-0.20667,0
0,0,0,0.018859,0.018326,-0.20667,0
0,0,0,0.018946,0.018413,-0.20667,0
0,0,0,0.019033,0.0185,-0.20667,0
0,0,0,0.019121,0.018588,-0.20667,0
0,0,0,0.019208,0.018675,-0.20667,0
0,0,0,0.019295,0.018762,-0.20667,0
0,0,0,0.019383,0.018849,-0.20667,0
0,0,0,0.01947,0.018937,-0.20667,0
0,0,0,0.019557,0.019024,-0.20667,0
0,0,0,0.019644,0.019111,-0.20667,0
0,0,0,0.019732,0.019199,-0.20667,0
0,0,0,0.019819,0.019286,-0.20667,0
0,0,0,0.019906,0.019373,-0.20667,0
0,0,0,0.019994,0.019461,-0.20667,0
0,0,0,0.020081,0.019548,-0.20667,0
0,0,0,0.020168,0.019635,-0.20667,0
0,0,0,0.020256,0.019723,-0.20667,0
0,0,0,0.020343,0.01981,-0.20667,0
0,0,0,0.02043,0.019897,-0.20667,0
0,0,0,0.020518,0.019984,-0.20667,0
0,0,0,0.020605,0.020072,-0.20667,0
0,0,0,0.020692,0.020159,-0.20667,0
0,0,0,0.02078,0.020246,-0.20667,0
0,0,0,0.020867,0.020334,-0.20667,0
0,0,0,0.020954,0.020421,-0.20667,0
0,0,0,0.021041,0.020508,-0.20667,0
0,0,0,0.021129,0.020596,-0.20667,0
0,0,0,0.021216,0.020683,-0.20667,0
0,0,0,0.021303,0.02077,-0.20667,0
0,0,0,0.021391,0.020858,-0.20667,0
0,0,0,0.021478,0.020945,-0.20667,0
0,0,0,0.021565,0.021032,-0.20667,0
0,0,0,0.021653,0.02112,-0.20667,0
0,0,0,0.02174,0.021207,-0.20667,0
0,0,0,0.021827,0.021294,-0.20667,0
0,0,0,0.021915,0.021381,-0.20667,0
0,0,0,0.022002,0.021469,-0.20667,0
0,0,0,0.022089,0.021556,-0.20667,0
0,0,0,0.022176,0.021643,-0.20667,0
0,0,0,0.022264,0.021731,-0.20667,0
0,0,0,0.022351,0.021818,-0.20667,0
0,0,0,0.022438,0.021905,-0.20667,0
0,0,0,0.022526,0.021993,-0.20667,0
0,0,0,0.022613,0.02208,-0.20667,0
0,0,0,0.0227,0.022167,-0.20667,0
0,0,0,0.022788,0.022255,-0.20667,0
0,0,0,0.022875,0.022342,-0.20667,0
0,0,0,0.022962,0.022429,-0.20667,0
0,0,0,0.02305,0.022516,-0.20667,0
0,0,0,0.023137,0.022604,-0.20667,0
0,0,0,0.023224,0.022691,-0.20667,0
0,0,0,0.023311,0.022778,-0.20667,0
0,0,0,0.023399,0.022866,-0.20667,0
0,0,0,0.023486,0.022953,-0.20667,0
0,0,0,0.023573,0.02304,-0.20667,0
0,0,0,0.023661,0.023128,-0.20667,0
0,0,0,0.023748,0.023215,-0.20667,0
0,0,0,0.023835,0.023302,-0.20667,0
0,0,0,0.023923,0.02339,-0.20667,0
0,0,0,0.02401,0.023477,-0.20667,0
0,0,0,0.024097,0.023564,-0.20667,0
0,0,0,0.024185,0.023651,-0.20667,0
0,0,0,0.024272,0.023739,-0.20667,0
0,0,0,0.024359,0.023826,-0.20667,0
0,0,0,0.024446,0.023913,-0.20667,0
0,0,0,0.024534,0.024001,-0.20667,0
0,0,0,0.024621,0.024088,-0.20667,0
0,0,0,0.024708,0.024175,-0.20667,0
0,0,0,0.024796,0.024263,-0.20667,0
0,0,0,0.024883,0.02435,-0.20667,0
0,0,0,0.02497,0.024437,-0.20667,0
0,0,0,0.025058,0.024525,-0.20667,0
0,0,0,0.025145,0.024612,-0.20667,0
0,0,0,0.025232,0.024699,-0.20667,0
0,0,0,0.02532,0.024786,-0.20667,0
0,0,0,0.025407,0.024874,-0.20667,0
0,0,0,0.025494,0.024961,-0.20667,0
55462,-5565.7,0,0.025581,0.025048,-0.20667,0
1.5549e+05,-15604,0,0.025669,0.025136,-0.20667,0
2.5552e+05,-25642,0,0.025756,0.025223,-0.20667,0
3.5555e+05,-35680,0,0.025843,0.02531,-0.20667,0
4.5558e+05,-45718,0,0.025931,0.025398,-0.20667,0
5.5561e+05,-55756,0,0.026018,0.025485,-0.20667,0
6.5564e+05,-65794,0,0.026105,0.025572,-0.20667,0
7.6182e+05,-75517,0,0.026193,0.02566,-0.20667,0
8.7052e+05,-85110,0,0.02628,0.025747,-0.20667,0
9.7922e+05,-94704,0,0.026367,0.025834,-0.20667,0
1.0879e+06,-1.043e+05,0,0.026455,0.025921,-0.20667,0
1.1966e+06,-1.1389e+05,0,0.026542,0.026009,-0.20667,0
1.3053e+06,-1.2348e+05,0,0.026629,0.026096,-0.20667,0
1.414e+06,-1.3308e+05,0,0.026717,0.026183,-0.20667,0
1.444e+06,-1.4243e+05,0,0.026804,0.026271,-0.20667,0
1.4457e+06,-1.5169e+05,0,0.026891,0.026358,-0.20667,0
1.4475e+06,-1.6095e+05,0,0.026978,0.026445,-0.20667,0
1.4493e+06,-1.7021e+05,0,0.027066,0.026533,-0.20667,0
1.4511e+06,-1.7952e+05,0,0.027153,0.02662,-0.20667,0
1.4531e+06,-1.8929e+05,0,0.02724,0.026707,-0.20667,0
1.4551e+06,-1.9906e+05,0,0.027328,0.026795,-0.20667,0
1.4572e+06,-2.0883e+05,0,0.027415,0.026882,-0.20667,0
1.4592e+06,-2.186e+05,0,0.027502,0.026969,-0.20667,0
1.4612e+06,-2.2837e+05,0,0.02759,0.027057,-0.20667,0
1.4632e+06,-2.3814e+05,0,0.027677,0.027144,-0.20667,0
1.4652e+06,-2.4791e+05,0,0.027764,0.027231,-0.20667,0
1.4672e+06,-2.5768e+05,0,0.027852,0.027318,-0.20667,0
1.4692e+06,-2.6746e+05,0,0.027939,0.027406,-0.20667,0
1.4712e+06,-2.7723e+05,0,0.028026,0.027493,-0.20667,0
1.4718e+06,-2.8756e+05,0,0.028113,0.02758,-0.20667,0
1.4722e+06,-2.9792e+05,0,0.028201,0.027668,-0.20667,0
1.4727e+06,-3.0827e+05,0,0.028288,0.027755,-0.20667,0
1.4731e+06,-3.1863e+05,0,0.028375,0.027842,-0.20667,0
1.4736e+06,-3.2898e+05,0,0.028463,0.02793,-0.20667,0
1.4741e+06,-3.3933e+05,0,0.02855,0.028017,-0.20667,0
1.4745e+06,-3.4969e+05,0,0.028637,0.028104,-0.20667,0
1.475e+06,-3.6004e+05,0,0.028725,0.028192,-0.20667,0
1.4754e+06,-3.704e+05,0,0.028812,0.028279,-0.20667,0
1.4759e+06,-3.8075e+05,0,0.028899,0.028366,-0.20667,0
1.4769e+06,-3.9121e+05,0,0.028987,0.028453,-0.20667,0
1.4779e+06,-4.0167e+05,0,0.029074,0.028541,-0.20667,0
1.4788e+06,-4.1217e+05,0,0.029161,0.028628,-0.20667,0
1.4792e+06,-4.2298e+05,0,0.029248,0.028715,-0.20667,0
1.4797e+06,-4.3379e+05,0,0.029336,0.028803,-0.20667,0
1.4801e+06,-4.446e+05,0,0.029423,0.02889,-0.20667,0
1.4806e+06,-4.5505e+05,0,0.02951,0.028977,-0.20667,0
1.4812e+06,-4.654e+05,0,0.029598,0.029065,-0.20667,0
1.4817e+06,-4.7575e+05,0,0.029685,0.029152,-0.20667,0
1.4823e+06,-4.861e+05,0,0.029772,0.029239,-0.20667,0
1.4829e+06,-4.9645e+05,0,0.02986,0.029327,-0.20667,0
1.4834e+06,-5.068e+05,0,0.029947,0.029414,-0.20667,0
1.484e+06,-5.1715e+05,0,0.030034,0.029501,-0.20667,0
1.4846e+06,-5.275e+05,0,0.030122,0.029588,-0.20667,0
1.4851e+06,-5.3785e+05,0,0.030209,0.029676,-0.20667,0
1.4857e+06,-5.4821e+05,0,0.030296,0.029763,-0.20667,0
1.4863e+06,-5.5856e+05,0,0.030383,0.02985,-0.20667,0
1.4857e+06,-5.6928e+05,0,0.030471,0.029938,-0.20667,0
1.4849e+06,-5.8007e+05,0,0.030558,0.030025,-0.20667,0
1.4842e+06,-5.9086e+05,0,0.030645,0.030112,-0.20667,0
1.4834e+06,-6.0165e+05,0,0.030733,0.0302,-0.20667,0
1.4827e+06,-6.1244e+05,0,0.03082,0.030287,-0.20667,0
1.4819e+06,-6.2322e+05,0,0.030907,0.030374,-0.20667,0
1.4811e+06,-6.3401e+05,0,0.030995,0.030462,-0.20667,0
1.4804e+06,-6.448e+05,0,0.031082,0.030549,-0.20667,0
1.4796e+06,-6.5559e+05,0,0.031169,0.030636,-0.20667,0
1.4789e+06,-6.6638e+05,0,0.031257,0.030723,-0.20667,0
1.4781e+06,-6.7717e+05,0,0.031344,0.030811,-0.20667,0
1.4776e+06,-6.8803e+05,0,0.031431,0.030898,-0.20667,0
1.4772e+06,-6.9896e+05,0,0.031519,0.030985,-0.20667,0
1.4768e+06,-7.0989e+05,0,0.031606,0.031073,-0.20667,0
1.4765e+06,-7.2082e+05,0,0.031693,0.03116,-0.20667,0
1.475e+06,-7.3246e+05,0,0.03178,0.031247,-0.20667,0
1.4735e+06,-7.441e+05,0,0.031868,0.031335,-0.20667,0
1.472e+06,-7.5575e+05,0,0.031955,0.031422,-0.20667,0
1.4705e+06,-7.6716e+05,0,0.032042,0.031509,-0.20667,0
1.469e+06,-7.7834e+05,0,0.03213,0.031597,-0.20667,0
1.4674e+06,-7.8951e+05,0,0.032217,0.031684,-0.20667,0
1.4659e+06,-8.0068e+05,0,0.032304,0.031771,-0.20667,0
1.4643e+06,-8.1185e+05,0,0.032392,0.031859,-0.20667,0
1.4628e+06,-8.2302e+05,0,0.032479,0.031946,-0.20667,0
1.4612e+06,-8.3419e+05,0,0.032566,0.032033,-0.20667,0
1.4597e+06,-8.4536e+05,0,0.032654,0.03212,-0.20667,0
1.4581e+06,-8.5653e+05,0,0.032741,0.032208,-0.20667,0
1.4566e+06,-8.677e+05,0,0.032828,0.032295,-0.20667,0
1.455e+06,-8.7888e+05,0,0.032915,0.032382,-0.20667,0
1.4534e+06,-8.9009e+05,0,0.033003,0.03247,-0.20667,0
1.4504e+06,-9.019e+05,0,0.03309,0.032557,-0.20667,0
1.4473e+06,-9.1372e+05,0,0.033177,0.032644,-0.20667,0
1.4443e+06,-9.2553e+05,0,0.033265,0.032732,-0.20667,0
1.4413e+06,-9.3735e+05,0,0.033352,0.032819,-0.20667,0
1.4383e+06,-9.4916e+05,0,0.033439,0.032906,-0.20667,0
1.4352e+06,-9.6098e+05,0,0.033527,0.032994,-0.20667,0
1.4322e+06,-9.7279e+05,0,0.033614,0.033081,-0.20667,0
1.4292e+06,-9.8461e+05,0,0.033701,0.033168,-0.20667,0
1.4262e+06,-9.9643e+05,0,0.033789,0.033255,-0.20667,0
1.4231e+06,-1.0082e+06,0,0.033876,0.033343,-0.20667,0
1.4201e+06,-1.0201e+06,0,0.033963,0.03343,-0.20667,0
1.4171e+06,-1.0319e+06,0,0.03405,0.033517,-0.20667,0
1.4147e+06,-1.0439e+06,0,0.034138,0.033605,-0.20667,0
1.4123e+06,-1.056e+06,0,0.034225,0.033692,-0.20667,0
1.4098e+06,-1.068e+06,0,0.034312,0.033779,-0.20667,0
1.4061e+06,-1.081e+06,0,0.0344,0.033867,-0.20667,0
1.4024e+06,-1.094e+06,0,0.034487,0.033954,-0.20667,0
1.3986e+06,-1.1069e+06,0,0.034574,0.034041,-0.20667,0
1.3948e+06,-1.1192e+06,0,0.034662,0.034129,-0.20667,0
1.3909e+06,-1.1315e+06,0,0.034749,0.034216,-0.20667,0
1.387e+06,-1.1438e+06,0,0.034836,0.034303,-0.20667,0
1.3832e+06,-1.1561e+06,0,0.034924,0.03439,-0.20667,0
1.3793e+06,-1.1684e+06,0,0.035011,0.034478,-0.20667,0
1.3755e+06,-1.1808e+06,0,0.035098,0.034565,-0.20667,0
1.3716e+06,-1.1931e+06,0,0.035185,0.034652,-0.20667,0
1.3677e+06,-1.2054e+06,0,0.035273,0.03474,-0.20667,0
1.3639e+06,-1.2177e+06,0,0.03536,0.034827,-0.20667,0
1.36e+06,-1.23e+06,0,0.035447,0.034914,-0.20667,0
1.3562e+06,-1.2423e+06,0,0.035535,0.035002,-0.20667,0
1.3521e+06,-1.2547e+06,0,0.035622,0.035089,-0.20667,0
1.3464e+06,-1.268e+06,0,0.035709,0.035176,-0.20667,0
1.3407e+06,-1.2813e+06,0,0.035797,0.035264,-0.20667,0
1.335e+06,-1.2946e+06,0,0.035884,0.035351,-0.20667,0
1.3293e+06,-1.3079e+06,0,0.035971,0.035438,-0.20667,0
1.3236e+06,-1.3211e+06,0,0.036059,0.035525,-0.20667,0
1.3179e+06,-1.3344e+06,0,0.036146,0.035613,-0.20667,0
1.3122e+06,-1.3477e+06,0,0.036233,0.0357,-0.20667,0
1.3065e+06,-1.361e+06,0,0.03632,0.035787,-0.20667,0
1.3008e+06,-1.3743e+06,0,0.036408,0.035875,-0.20667,0
1.2952e+06,-1.3876e+06,0,0.036495,0.035962,-0.20667,0
1.2895e+06,-1.4009e+06,0,0.036582,0.036049,-0.20667,0
1.2839e+06,-1.4142e+06,0,0.03667,0.036137,-0.20667,0
1.279e+06,-1.4278e+06,0,0.036757,0.036224,-0.20667,0
1.2741e+06,-1.4413e+06,0,0.036844,0.036311,-0.20667,0
1.2687e+06,-1.4552e+06,0,0.036932,0.036399,-0.20667,0
1.2619e+06,-1.4701e+06,0,0.037019,0.036486,-0.20667,0
1.255e+06,-1.485e+06,0,0.037106,0.036573,-0.20667,0
1.248e+06,-1.4996e+06,0,0.037194,0.03666,-0.20667,0
1.2409e+06,-1.5134e+06,0,0.037281,0.036748,-0.20667,0
1.2338e+06,-1.5273e+06,0,0.037368,0.036835,-0.20667,0
1.2267e+06,-1.5412e+06,0,0.037456,0.036922,-0.20667,0
1.2196e+06,-1.555e+06,0,0.037543,0.03701,-0.20667,0
1.2125e+06,-1.5689e+06,0,0.03763,0.037097,-0.20667,0
1.2054e+06,-1.5828e+06,0,0.037717,0.037184,-0.20667,0
1.1983e+06,-1.5966e+06,0,0.037805,0.037272,-0.20667,0
1.1912e+06,-1.6105e+06,0,0.037892,0.037359,-0.20667,0
1.1841e+06,-1.6244e+06,0,0.037979,0.037446,-0.20667,0
1.177e+06,-1.6382e+06,0,0.038067,0.037534,-0.20667,0
1.1699e+06,-1.6521e+06,0,0.038154,0.037621,-0.20667,0
1.1617e+06,-1.6666e+06,0,0.038241,0.037708,-0.20667,0
1.152e+06,-1.6819e+06,0,0.038329,0.037796,-0.20667,0
1.1423e+06,-1.6973e+06,0,0.038416,0.037883,-0.20667,0
1.1327e+06,-1.7127e+06,0,0.038503,0.03797,-0.20667,0
1.123e+06,-1.7281e+06,0,0.038591,0.038057,-0.20667,0
1.1133e+06,-1.7434e+06,0,0.038678,0.038145,-0.20667,0
1.1036e+06,-1.7588e+06,0,0.038765,0.038232,-0.20667,0
1.0939e+06,-1.7742e+06,0,0.038852,0.038319,-0.20667,0
1.0842e+06,-1.7896e+06,0,0.03894,0.038407,-0.20667,0
1.0746e+06,-1.8049e+06,0,0.039027,0.038494,-0.20667,0
1.0649e+06,-1.8203e+06,0,0.039114,0.038581,-0.20667,0
1.0552e+06,-1.8357e+06,0,0.039202,0.038669,-0.20667,0
1.046e+06,-1.8512e+06,0,0.039289,0.038756,-0.20667,0
1.0376e+06,-1.8669e+06,0,0.039376,0.038843,-0.20667,0
1.0292e+06,-1.8826e+06,0,0.039464,0.038931,-0.20667,0
1.0192e+06,-1.8995e+06,0,0.039551,0.039018,-0.20667,0
1.0079e+06,-1.9175e+06,0,0.039638,0.039105,-0.20667,0
9.9658e+05,-1.9354e+06,0,0.039726,0.039192,-0.20667,0
9.8499e+05,-1.9523e+06,0,0.039813,0.03928,-0.20667,0
9.7325e+05,-1.9686e+06,0,0.0399,0.039367,-0.20667,0
9.6151e+05,-1.9848e+06,0,0.039987,0.039454,-0.20667,0
9.4978e+05,-2.0011e+06,0,0.040075,0.039542,-0.20667,0
9.3804e+05,-2.0174e+06,0,0.040162,0.039629,-0.20667,0
9.263e+05,-2.0336e+06,0,0.040249,0.039716,-0.20667,0
9.1457e+05,-2.0499e+06,0,0.040337,0.039804,-0.20667,0
9.0283e+05,-2.0662e+06,0,0.040424,0.039891,-0.20667,0
8.9109e+05,-2.0824e+06,0,0.040511,0.039978,-0.20667,0
8.7936e+05,-2.0987e+06,0,0.040599,0.040066,-0.20667,0
8.6762e+05,-2.115e+06,0,0.040686,0.040153,-0.20667,0
8.5588e+05,-2.1312e+06,0,0.040773,0.04024,-0.20667,0
8.4161e+05,-2.1492e+06,0,0.040861,0.040327,-0.20667,0
8.2585e+05,-2.1682e+06,0,0.040948,0.040415,-0.20667,0
8.1008e+05,-2.1872e+06,0,0.041035,0.040502,-0.20667,0
7.9432e+05,-2.2062e+06,0,0.041122,0.040589,-0.20667,0
7.7855e+05,-2.2251e+06,0,0.04121,0.040677,-0.20667,0
7.6279e+05,-2.2441e+06,0,0.041297,0.040764,-0.20667,0
7.4703e+05,-2.2631e+06,0,0.041384,0.040851,-0.20667,0
7.3126e+05,-2.2821e+06,0,0.041472,0.040939,-0.20667,0
7.155e+05,-2.301e+06,0,0.041559,0.041026,-0.20667,0
6.9973e+05,-2.32e+06,0,0.041646,0.041113,-0.20667,0
6.8397e+05,-2.339e+06,0,0.041734,0.041201,-0.20667,0
6.682e+05,-2.358e+06,0,0.041821,0.041288,-0.20667,0
6.5378e+05,-2.3772e+06,0,0.041908,0.041375,-0.20667,0
6.4025e+05,-2.3966e+06,0,0.041996,0.041462,-0.20667,0
6.2673e+05,-2.416e+06,0,0.042083,0.04155,-0.20667,0
6.1006e+05,-2.4389e+06,0,0.04217,0.041637,-0.20667,0
5.9231e+05,-2.463e+06,0,0.042257,0.041724,-0.20667,0
5.7457e+05,-2.487e+06,0,0.042345,0.041812,-0.20667,0
5.5598e+05,-2.508e+06,0,0.042432,0.041899,-0.20667,0
5.3728e+05,-2.5286e+06,0,0.042519,0.041986,-0.20667,0
5.1857e+05,-2.5492e+06,0,0.042607,0.042074,-0.20667,0
4.9987e+05,-2.5697e+06,0,0.042694,0.042161,-0.20667,0
4.8116e+05,-2.5903e+06,0,0.042781,0.042248,-0.20667,0
4.6246e+05,-2.6109e+06,0,0.042869,0.042336,-0.20667,0
4.4375e+05,-2.6315e+06,0,0.042956,0.042423,-0.20667,0
4.2505e+05,-2.652e+06,0,0.043043,0.04251,-0.20667,0
4.0634e+05,-2.6726e+06,0,0.043131,0.042597,-0.20667,0
3.8764e+05,-2.6932e+06,0,0.043218,0.042685,-0.20667,0
3.6893e+05,-2.7138e+06,0,0.043305,0.042772,-0.20667,0
3.5023e+05,-2.7343e+06,0,0.043393,0.042859,-0.20667,0
3.2426e+05,-2.7583e+06,0,0.04348,0.042947,-0.20667,0
2.9743e+05,-2.7826e+06,0,0.043567,0.043034,-0.20667,0
2.7059e+05,-2.8069e+06,0,0.043654,0.043121,-0.20667,0
2.4375e+05,-2.8312e+06,0,0.043742,0.043209,-0.20667,0
2.1691e+05,-2.8556e+06,0,0.043829,0.043296,-0.20667,0
1.9007e+05,-2.8799e+06,0,0.043916,0.043383,-0.20667,0
1.6324e+05,-2.9042e+06,0,0.044004,0.043471,-0.20667,0
1.364e+05,-2.9285e+06,0,0.044091,0.043558,-0.20667,0
1.0956e+05,-2.9529e+06,0,0.044178,0.043645,-0.20667,0
82724,-2.9772e+06,0,0.044266,0.043733,-0.20667,0
55886,-3.0015e+06,0,0.044353,0.04382,-0.20667,0
29202,-3.0259e+06,0,0.04444,0.043907,-0.20667,0
6515.6,-3.0516e+06,0,0.044528,0.043994,-0.20667,0
-16170,-3.0774e+06,0,0.044615,0.044082,-0.20667,0
-39149,-3.1036e+06,0,0.044702,0.044169,-0.20667,0
-69352,-3.1406e+06,0,0.044789,0.044256,-0.20667,0
-99556,-3.1777e+06,0,0.044877,0.044344,-0.20667,0
-1.2976e+05,-3.2147e+06,0,0.044964,0.044431,-0.20667,0
-1.5996e+05,-3.2518e+06,0,0.045051,0.044518,-0.20667,0
-1.9017e+05,-3.2889e+06,0,0.045139,0.044606,-0.20667,0
-2.2094e+05,-3.3215e+06,0,0.045226,0.044693,-0.20667,0
-2.5172e+05,-3.3541e+06,0,0.045313,0.04478,-0.20667,0
-2.825e+05,-3.3867e+06,0,0.045401,0.044868,-0.20667,0
-3.1328e+05,-3.4192e+06,0,0.045488,0.044955,-0.20667,0
-3.4406e+05,-3.4518e+06,0,0.045575,0.045042,-0.20667,0
-3.7484e+05,-3.4844e+06,0,0.045663,0.045129,-0.20667,0
-4.0562e+05,-3.517e+06,0,0.04575,0.045217,-0.20667,0
-4.3641e+05,-3.5496e+06,0,0.045837,0.045304,-0.20667,0
-4.6719e+05,-3.5821e+06,0,0.045924,0.045391,-0.20667,0
-4.9797e+05,-3.6147e+06,0,0.046012,0.045479,-0.20667,0
-5.2875e+05,-3.6473e+06,0,0.046099,0.045566,-0.20667,0
-5.7548e+05,-3.6792e+06,0,0.046186,0.045653,-0.20667,0
-6.2293e+05,-3.7111e+06,0,0.046274,0.045741,-0.20667,0
-6.7038e+05,-3.743e+06,0,0.046361,0.045828,-0.20667,0
-7.1623e+05,-3.7804e+06,0,0.046448,0.045915,-0.20667,0
-7.5446e+05,-3.8444e+06,0,0.046536,0.046003,-0.20667,0
-7.927e+05,-3.9083e+06,0,0.046623,0.04609,-0.20667,0
-8.3093e+05,-3.9723e+06,0,0.04671,0.046177,-0.20667,0
-8.6917e+05,-4.0362e+06,0,0.046798,0.046264,-0.20667,0
-9.074e+05,-4.1002e+06,0,0.046885,0.046352,-0.20667,0
-9.4564e+05,-4.1641e+06,0,0.046972,0.046439,-0.20667,0
-9.8387e+05,-4.2281e+06,0,0.047059,0.046526,-0.20667,0
-1.0221e+06,-4.292e+06,0,0.047147,0.046614,-0.20667,0
-1.0603e+06,-4.356e+06,0,0.047234,0.046701,-0.20667,0
-1.0986e+06,-4.4199e+06,0,0.047321,0.046788,-0.20667,0
-1.1368e+06,-4.4839e+06,0,0.047409,0.046876,-0.20667,0
-1.175e+06,-4.5478e+06,0,0.047496,0.046963,-0.20667,0
-1.2133e+06,-4.6118e+06,0,0.047583,0.04705,-0.20667,0
-1.2515e+06,-4.6757e+06,0,0.047671,0.047138,-0.20667,0
-1.2898e+06,-4.7397e+06,0,0.047758,0.047225,-0.20667,0
-1.328e+06,-4.8037e+06,0,0.047845,0.047312,-0.20667,0
-1.3916e+06,-4.8754e+06,0,0.047933,0.047399,-0.20667,0
-1.4312e+06,-4.977e+06,0,0.04802,0.047487,-0.20667,0
-1.4506e+06,-5.0707e+06,0,0.048107,0.047574,-0.20667,0
-1.4699e+06,-5.1645e+06,0,0.048194,0.047661,-0.20667,0
-1.4893e+06,-5.2582e+06,0,0.048282,0.047749,-0.20667,0
-1.5086e+06,-5.352e+06,0,0.048369,0.047836,-0.20667,0
-1.528e+06,-5.4457e+06,0,0.048456,0.047923,-0.20667,0
-1.5473e+06,-5.5394e+06,0,0.048544,0.048011,-0.20667,0
-1.5667e+06,-5.6332e+06,0,0.048631,0.048098,-0.20667,0
-1.586e+06,-5.7269e+06,0,0.048718,0.048185,-0.20667,0
-1.6054e+06,-5.8207e+06,0,0.048806,0.048273,-0.20667,0
-1.6247e+06,-5.9144e+06,0,0.048893,0.04836,-0.20667,0
-1.6441e+06,-6.0081e+06,0,0.04898,0.048447,-0.20667,0
-1.6634e+06,-6.1019e+06,0,0.049068,0.048534,-0.20667,0
-1.6828e+06,-6.1956e+06,0,0.049155,0.048622,-0.20667,0
-1.6914e+06,-6.2931e+06,0,0.049242,0.048709,-0.20667,0
-1.5494e+06,-6.4433e+06,0,0.04933,0.048796,-0.20667,0
-1.4074e+06,-6.5935e+06,0,0.049417,0.048884,-0.20667,0
-1.2654e+06,-6.7437e+06,0,0.049504,0.048971,-0.20667,0
-1.1234e+06,-6.8939e+06,0,0.049591,0.049058,-0.20667,0
-9.8145e+05,-7.0442e+06,0,0.049679,0.049146,-0.20667,0
-8.3946e+05,-7.1944e+06,0,0.049766,0.049233,-0.20667,0
-6.9747e+05,-7.3446e+06,0,0.049853,0.04932,-0.20667,0
-5.5547e+05,-7.4948e+06,0,0.049941,0.049408,-0.20667,0
-4.1348e+05,-7.645e+06,0,0.050028,0.049495,-0.20667,0
-2.7149e+05,-7.7952e+06,0,0.050115,0.049582,-0.20667,0
-1.295e+05,-7.9454e+06,0,0.050203,0.04967,-0.20667,0
-37547,-8.0501e+06,0,0.05029,0.049757,-0.20667,0
33993,-8.1362e+06,0,0.050377,0.049844,-0.20667,0
1.0553e+05,-8.2223e+06,0,0.050465,0.049931,-0.20667,0
1.8218e+05,-8.2827e+06,0,0.050552,0.050019,-0.20667,0
2.7747e+05,-8.2487e+06,0,0.050639,0.050106,-0.20667,0
3.7277e+05,-8.2147e+06,0,0.050726,0.050193,-0.20667,0
4.6806e+05,-8.1808e+06,0,0.050814,0.050281,-0.20667,0
6.1116e+05,-8.1251e+06,0,0.050901,0.050368,-0.20667,0
7.7291e+05,-8.061e+06,0,0.050988,0.050455,-0.20667,0
9.3466e+05,-7.997e+06,0,0.051076,0.050543,-0.20667,0
1.0964e+06,-7.9329e+06,0,0.051163,0.05063,-0.20667,0
1.2582e+06,-7.8688e+06,0,0.05125,0.050717,-0.20667,0
1.4199e+06,-7.8047e+06,0,0.051338,0.050805,-0.20667,0
1.5817e+06,-7.7406e+06,0,0.051425,0.050892,-0.20667,0
1.7434e+06,-7.6765e+06,0,0.051512,0.050979,-0.20667,0
1.9052e+06,-7.6124e+06,0,0.0516,0.051066,-0.20667,0
2.067e+06,-7.5483e+06,0,0.051687,0.051154,-0.20667,0
2.2287e+06,-7.4842e+06,0,0.051774,0.051241,-0.20667,0
2.3307e+06,-7.4216e+06,0,0.051861,0.051328,-0.20667,0
2.3623e+06,-7.3608e+06,0,0.051949,0.051416,-0.20667,0
2.3939e+06,-7.3001e+06,0,0.052036,0.051503,-0.20667,0
2.4255e+06,-7.2393e+06,0,0.052123,0.05159,-0.20667,0
2.457e+06,-7.1786e+06,0,0.052211,0.051678,-0.20667,0
2.4886e+06,-7.1178e+06,0,0.052298,0.051765,-0.20667,0
2.5202e+06,-7.057e+06,0,0.052385,0.051852,-0.20667,0
2.5518e+06,-6.9963e+06,0,0.052473,0.05194,-0.20667,0
2.5834e+06,-6.9355e+06,0,0.05256,0.052027,-0.20667,0
2.615e+06,-6.8748e+06,0,0.052647,0.052114,-0.20667,0
2.6626e+06,-6.8178e+06,0,0.052735,0.052201,-0.20667,0
2.7188e+06,-6.7629e+06,0,0.052822,0.052289,-0.20667,0
2.775e+06,-6.708e+06,0,0.052909,0.052376,-0.20667,0
2.8311e+06,-6.6531e+06,0,0.052996,0.052463,-0.20667,0
2.8873e+06,-6.5983e+06,0,0.053084,0.052551,-0.20667,0
2.919e+06,-6.5569e+06,0,0.053171,0.052638,-0.20667,0
2.9448e+06,-6.5189e+06,0,0.053258,0.052725,-0.20667,0
2.9706e+06,-6.4809e+06,0,0.053346,0.052813,-0.20667,0
2.9963e+06,-6.4428e+06,0,0.053433,0.0529,-0.20667,0
3.0221e+06,-6.4048e+06,0,0.05352,0.052987,-0.20667,0
3.0478e+06,-6.3668e+06,0,0.053608,0.053075,-0.20667,0
3.0664e+06,-6.322e+06,0,0.053695,0.053162,-0.20667,0
3.0845e+06,-6.2768e+06,0,0.053782,0.053249,-0.20667,0
3.1026e+06,-6.2315e+06,0,0.05387,0.053336,-0.20667,0
3.1207e+06,-6.1863e+06,0,0.053957,0.053424,-0.20667,0
3.1388e+06,-6.1411e+06,0,0.054044,0.053511,-0.20667,0
3.1569e+06,-6.0959e+06,0,0.054132,0.053598,-0.20667,0
3.175e+06,-6.0507e+06,0,0.054219,0.053686,-0.20667,0
3.1931e+06,-6.0055e+06,0,0.054306,0.053773,-0.20667,0
3.2112e+06,-5.9602e+06,0,0.054393,0.05386,-0.20667,0
3.2257e+06,-5.9315e+06,0,0.054481,0.053948,-0.20667,0
3.2402e+06,-5.9032e+06,0,0.054568,0.054035,-0.20667,0
3.2547e+06,-5.8748e+06,0,0.054655,0.054122,-0.20667,0
3.2691e+06,-5.8465e+06,0,0.054743,0.05421,-0.20667,0
3.2836e+06,-5.8181e+06,0,0.05483,0.054297,-0.20667,0
3.298e+06,-5.7898e+06,0,0.054917,0.054384,-0.20667,0
3.3125e+06,-5.7614e+06,0,0.055005,0.054471,-0.20667,0
3.3286e+06,-5.7321e+06,0,0.055092,0.054559,-0.20667,0
3.3479e+06,-5.7006e+06,0,0.055179,0.054646,-0.20667,0
3.3673e+06,-5.6691e+06,0,0.055267,0.054733,-0.20667,0
3.3867e+06,-5.6376e+06,0,0.055354,0.054821,-0.20667,0
3.4061e+06,-5.6061e+06,0,0.055441,0.054908,-0.20667,0
3.4255e+06,-5.5746e+06,0,0.055528,0.054995,-0.20667,0
3.4449e+06,-5.5431e+06,0,0.055616,0.055083,-0.20667,0
3.464e+06,-5.5124e+06,0,0.055703,0.05517,-0.20667,0
3.4806e+06,-5.4892e+06,0,0.05579,0.055257,-0.20667,0
3.4971e+06,-5.466e+06,0,0.055878,0.055345,-0.20667,0
3.5137e+06,-5.4427e+06,0,0.055965,0.055432,-0.20667,0
3.5303e+06,-5.4195e+06,0,0.056052,0.055519,-0.20667,0
3.5468e+06,-5.3963e+06,0,0.05614,0.055607,-0.20667,0
3.5634e+06,-5.3731e+06,0,0.056227,0.055694,-0.20667,0
3.58e+06,-5.3499e+06,0,0.056314,0.055781,-0.20667,0
3.5965e+06,-5.3266e+06,0,0.056402,0.055868,-0.20667,0
3.6115e+06,-5.3031e+06,0,0.056489,0.055956,-0.20667,0
3.6251e+06,-5.2794e+06,0,0.056576,0.056043,-0.20667,0
3.6386e+06,-5.2557e+06,0,0.056663,0.05613,-0.20667,0
3.6521e+06,-5.2319e+06,0,0.056751,0.056218,-0.20667,0
3.6656e+06,-5.2082e+06,0,0.056838,0.056305,-0.20667,0
3.6792e+06,-5.1844e+06,0,0.056925,0.056392,-0.20667,0
3.6927e+06,-5.1616e+06,0,0.057013,0.05648,-0.20667,0
3.7061e+06,-5.1427e+06,0,0.0571,0.056567,-0.20667,0
3.7196e+06,-5.1238e+06,0,0.057187,0.056654,-0.20667,0
3.7331e+06,-5.1049e+06,0,0.057275,0.056742,-0.20667,0
3.7465e+06,-5.086e+06,0,0.057362,0.056829,-0.20667,0
3.76e+06,-5.0671e+06,0,0.057449,0.056916,-0.20667,0
3.7746e+06,-5.047e+06,0,0.057537,0.057003,-0.20667,0
3.7895e+06,-5.0266e+06,0,0.057624,0.057091,-0.20667,0
3.8044e+06,-5.0063e+06,0,0.057711,0.057178,-0.20667,0
3.8193e+06,-4.986e+06,0,0.057798,0.057265,-0.20667,0
3.8342e+06,-4.9656e+06,0,0.057886,0.057353,-0.20667,0
3.8491e+06,-4.9453e+06,0,0.057973,0.05744,-0.20667,0
3.864e+06,-4.9249e+06,0,0.05806,0.057527,-0.20667,0
3.8788e+06,-4.9046e+06,0,0.058148,0.057615,-0.20667,0
3.8937e+06,-4.8842e+06,0,0.058235,0.057702,-0.20667,0
3.9086e+06,-4.8639e+06,0,0.058322,0.057789,-0.20667,0
3.9245e+06,-4.8461e+06,0,0.05841,0.057877,-0.20667,0
3.9404e+06,-4.8282e+06,0,0.058497,0.057964,-0.20667,0
3.9563e+06,-4.8104e+06,0,0.058584,0.058051,-0.20667,0
3.9722e+06,-4.7926e+06,0,0.058672,0.058138,-0.20667,0
3.9881e+06,-4.7747e+06,0,0.058759,0.058226,-0.20667,0
4.004e+06,-4.7569e+06,0,0.058846,0.058313,-0.20667,0
4.0199e+06,-4.739e+06,0,0.058933,0.0584,-0.20667,0
4.0358e+06,-4.7212e+06,0,0.059021,0.058488,-0.20667,0
4.0517e+06,-4.7034e+06,0,0.059108,0.058575,-0.20667,0
4.0676e+06,-4.6855e+06,0,0.059195,0.058662,-0.20667,0
4.0831e+06,-4.6676e+06,0,0.059283,0.05875,-0.20667,0
4.0981e+06,-4.6495e+06,0,0.05937,0.058837,-0.20667,0
4.1131e+06,-4.6315e+06,0,0.059457,0.058924,-0.20667,0
4.1281e+06,-4.6134e+06,0,0.059545,0.059012,-0.20667,0
4.1429e+06,-4.5961e+06,0,0.059632,0.059099,-0.20667,0
4.1573e+06,-4.5799e+06,0,0.059719,0.059186,-0.20667,0
4.1717e+06,-4.5637e+06,0,0.059807,0.059273,-0.20667,0
4.1861e+06,-4.5475e+06,0,0.059894,0.059361,-0.20667,0
4.2008e+06,-4.531e+06,0,0.059981,0.059448,-0.20667,0
4.216e+06,-4.514e+06,0,0.060069,0.059535,-0.20667,0
4.2312e+06,-4.4971e+06,0,0.060156,0.059623,-0.20667,0
4.2464e+06,-4.4801e+06,0,0.060243,0.05971,-0.20667,0
4.2616e+06,-4.4631e+06,0,0.06033,0.059797,-0.20667,0
4.2767e+06,-4.4462e+06,0,0.060418,0.059885,-0.20667,0
4.2919e+06,-4.4292e+06,0,0.060505,0.059972,-0.20667,0
4.3071e+06,-4.4122e+06,0,0.060592,0.060059,-0.20667,0
4.3223e+06,-4.3953e+06,0,0.06068,0.060147,-0.20667,0
4.3375e+06,-4.3783e+06,0,0.060767,0.060234,-0.20667,0
4.3527e+06,-4.3613e+06,0,0.060854,0.060321,-0.20667,0
4.3673e+06,-4.3452e+06,0,0.060942,0.060408,-0.20667,0
4.3816e+06,-4.3294e+06,0,0.061029,0.060496,-0.20667,0
4.3959e+06,-4.3136e+06,0,0.061116,0.060583,-0.20667,0
4.4102e+06,-4.2979e+06,0,0.061204,0.06067,-0.20667,0
4.4245e+06,-4.2821e+06,0,0.061291,0.060758,-0.20667,0
4.4388e+06,-4.2664e+06,0,0.061378,0.060845,-0.20667,0
4.4531e+06,-4.2506e+06,0,0.061465,0.060932,-0.20667,0
4.4674e+06,-4.2349e+06,0,0.061553,0.06102,-0.20667,0
4.4817e+06,-4.2191e+06,0,0.06164,0.061107,-0.20667,0
4.496e+06,-4.2033e+06,0,0.061727,0.061194,-0.20667,0
4.5103e+06,-4.1876e+06,0,0.061815,0.061282,-0.20667,0
4.5246e+06,-4.1718e+06,0,0.061902,0.061369,-0.20667,0
4.5389e+06,-4.1561e+06,0,0.061989,0.061456,-0.20667,0
4.5532e+06,-4.1403e+06,0,0.062077,0.061544,-0.20667,0
4.5674e+06,-4.1244e+06,0,0.062164,0.061631,-0.20667,0
4.5823e+06,-4.1089e+06,0,0.062251,0.061718,-0.20667,0
4.5973e+06,-4.0933e+06,0,0.062339,0.061805,-0.20667,0
4.6123e+06,-4.0775e+06,0,0.062426,0.061893,-0.20667,0
4.6273e+06,-4.0617e+06,0,0.062513,0.06198,-0.20667,0
4.6423e+06,-4.046e+06,0,0.0626,0.062067,-0.20667,0
4.6573e+06,-4.0302e+06,0,0.062688,0.062155,-0.20667,0
4.6723e+06,-4.0144e+06,0,0.062775,0.062242,-0.20667,0
4.6873e+06,-3.9987e+06,0,0.062862,0.062329,-0.20667,0
4.7023e+06,-3.9829e+06,0,0.06295,0.062417,-0.20667,0
4.7173e+06,-3.9671e+06,0,0.063037,0.062504,-0.20667,0
4.7323e+06,-3.9514e+06,0,0.063124,0.062591,-0.20667,0
4.7474e+06,-3.9356e+06,0,0.063212,0.062679,-0.20667,0
4.7624e+06,-3.9198e+06,0,0.063299,0.062766,-0.20667,0
4.7774e+06,-3.9041e+06,0,0.063386,0.062853,-0.20667,0
4.7917e+06,-3.8886e+06,0,0.063474,0.06294,-0.20667,0
4.8058e+06,-3.8734e+06,0,0.063561,0.063028,-0.20667,0
4.8198e+06,-3.8581e+06,0,0.063648,0.063115,-0.20667,0
4.8339e+06,-3.8429e+06,0,0.063735,0.063202,-0.20667,0
4.8479e+06,-3.8276e+06,0,0.063823,0.06329,-0.20667,0
4.862e+06,-3.8124e+06,0,0.06391,0.063377,-0.20667,0
4.876e+06,-3.7971e+06,0,0.063997,0.063464,-0.20667,0
4.8901e+06,-3.7819e+06,0,0.064085,0.063552,-0.20667,0
4.9041e+06,-3.7666e+06,0,0.064172,0.063639,-0.20667,0
4.9182e+06,-3.7514e+06,0,0.064259,0.063726,-0.20667,0
4.9322e+06,-3.7361e+06,0,0.064347,0.063814,-0.20667,0
4.9463e+06,-3.7209e+06,0,0.064434,0.063901,-0.20667,0
4.9603e+06,-3.7057e+06,0,0.064521,0.063988,-0.20667,0
4.9744e+06,-3.6904e+06,0,0.064609,0.064075,-0.20667,0
4.9885e+06,-3.6751e+06,0,0.064696,0.064163,-0.20667,0
5.0024e+06,-3.6598e+06,0,0.064783,0.06425,-0.20667,0
5.0163e+06,-3.6446e+06,0,0.06487,0.064337,-0.20667,0
5.0302e+06,-3.6293e+06,0,0.064958,0.064425,-0.20667,0
5.0441e+06,-3.6141e+06,0,0.065045,0.064512,-0.20667,0
5.058e+06,-3.5988e+06,0,0.065132,0.064599,-0.20667,0
5.0719e+06,-3.5836e+06,0,0.06522,0.064687,-0.20667,0
5.0858e+06,-3.5683e+06,0,0.065307,0.064774,-0.20667,0
5.0997e+06,-3.553e+06,0,0.065394,0.064861,-0.20667,0
5.1136e+06,-3.5378e+06,0,0.065482,0.064949,-0.20667,0
5.1275e+06,-3.5225e+06,0,0.065569,0.065036,-0.20667,0
5.1414e+06,-3.5073e+06,0,0.065656,0.065123,-0.20667,0
5.1553e+06,-3.492e+06,0,0.065744,0.06521,-0.20667,0
5.1691e+06,-3.4768e+06,0,0.065831,0.065298,-0.20667,0
5.183e+06,-3.4615e+06,0,0.065918,0.065385,-0.20667,0
5.1965e+06,-3.4464e+06,0,0.066006,0.065472,-0.20667,0
5.21e+06,-3.4312e+06,0,0.066093,0.06556,-0.20667,0
5.2235e+06,-3.4161e+06,0,0.06618,0.065647,-0.20667,0
5.2369e+06,-3.401e+06,0,0.066267,0.065734,-0.20667,0
5.2504e+06,-3.3858e+06,0,0.066355,0.065822,-0.20667,0
5.2639e+06,-3.3707e+06,0,0.066442,0.065909,-0.20667,0
5.2773e+06,-3.3556e+06,0,0.066529,0.065996,-0.20667,0
5.2908e+06,-3.3404e+06,0,0.066617,0.066084,-0.20667,0
5.3042e+06,-3.3253e+06,0,0.066704,0.066171,-0.20667,0
5.3177e+06,-3.3102e+06,0,0.066791,0.066258,-0.20667,0
5.3312e+06,-3.295e+06,0,0.066879,0.066346,-0.20667,0
5.3446e+06,-3.2799e+06,0,0.066966,0.066433,-0.20667,0
5.358e+06,-3.2648e+06,0,0.067053,0.06652,-0.20667,0
5.3714e+06,-3.2497e+06,0,0.067141,0.066607,-0.20667,0
5.3846e+06,-3.2346e+06,0,0.067228,0.066695,-0.20667,0
5.3974e+06,-3.2195e+06,0,0.067315,0.066782,-0.20667,0
5.4103e+06,-3.2044e+06,0,0.067402,0.066869,-0.20667,0
5.4232e+06,-3.1891e+06,0,0.06749,0.066957,-0.20667,0
5.4362e+06,-3.1738e+06,0,0.067577,0.067044,-0.20667,0
5.4491e+06,-3.1585e+06,0,0.067664,0.067131,-0.20667,0
5.462e+06,-3.1432e+06,0,0.067752,0.067219,-0.20667,0
5.4749e+06,-3.1279e+06,0,0.067839,0.067306,-0.20667,0
5.4879e+06,-3.1127e+06,0,0.067926,0.067393,-0.20667,0
5.5008e+06,-3.0974e+06,0,0.068014,0.067481,-0.20667,0
5.5137e+06,-3.0821e+06,0,0.068101,0.067568,-0.20667,0
5.5266e+06,-3.0668e+06,0,0.068188,0.067655,-0.20667,0
5.5396e+06,-3.0515e+06,0,0.068276,0.067742,-0.20667,0
5.5525e+06,-3.0362e+06,0,0.068363,0.06783,-0.20667,0
5.5654e+06,-3.021e+06,0,0.06845,0.067917,-0.20667,0
5.5778e+06,-3.0057e+06,0,0.068537,0.068004,-0.20667,0
5.5902e+06,-2.9905e+06,0,0.068625,0.068092,-0.20667,0
5.6026e+06,-2.9753e+06,0,0.068712,0.068179,-0.20667,0
5.6149e+06,-2.9601e+06,0,0.068799,0.068266,-0.20667,0
5.6273e+06,-2.9448e+06,0,0.068887,0.068354,-0.20667,0
5.6397e+06,-2.9296e+06,0,0.068974,0.068441,-0.20667,0
5.6521e+06,-2.9144e+06,0,0.069061,0.068528,-0.20667,0
5.6644e+06,-2.8992e+06,0,0.069149,0.068616,-0.20667,0
5.6768e+06,-2.8839e+06,0,0.069236,0.068703,-0.20667,0
5.6892e+06,-2.8687e+06,0,0.069323,0.06879,-0.20667,0
5.7016e+06,-2.8535e+06,0,0.069411,0.068877,-0.20667,0
5.714e+06,-2.8383e+06,0,0.069498,0.068965,-0.20667,0
5.7264e+06,-2.8231e+06,0,0.069585,0.069052,-0.20667,0
5.7387e+06,-2.8079e+06,0,0.069672,0.069139,-0.20667,0
5.7509e+06,-2.7928e+06,0,0.06976,0.069227,-0.20667,0
5.7625e+06,-2.7776e+06,0,0.069847,0.069314,-0.20667,0
5.7741e+06,-2.7624e+06,0,0.069934,0.069401,-0.20667,0
5.7858e+06,-2.7473e+06,0,0.070022,0.069489,-0.20667,0
5.7975e+06,-2.732e+06,0,0.070109,0.069576,-0.20667,0
5.8092e+06,-2.7167e+06,0,0.070196,0.069663,-0.20667,0
5.8209e+06,-2.7014e+06,0,0.070284,0.069751,-0.20667,0
5.8326e+06,-2.686e+06,0,0.070371,0.069838,-0.20667,0
5.8444e+06,-2.6707e+06,0,0.070458,0.069925,-0.20667,0
5.8561e+06,-2.6553e+06,0,0.070546,0.070012,-0.20667,0
5.8678e+06,-2.64e+06,0,0.070633,0.0701,-0.20667,0
5.8795e+06,-2.6247e+06,0,0.07072,0.070187,-0.20667,0
5.8913e+06,-2.6093e+06,0,0.070807,0.070274,-0.20667,0
5.903e+06,-2.594e+06,0,0.070895,0.070362,-0.20667,0
5.9147e+06,-2.5786e+06,0,0.070982,0.070449,-0.20667,0
5.926e+06,-2.5633e+06,0,0.071069,0.070536,-0.20667,0
5.9371e+06,-2.548e+06,0,0.071157,0.070624,-0.20667,0
5.9482e+06,-2.5326e+06,0,0.071244,0.070711,-0.20667,0
5.9593e+06,-2.5173e+06,0,0.071331,0.070798,-0.20667,0
5.9705e+06,-2.5019e+06,0,0.071419,0.070886,-0.20667,0
5.9816e+06,-2.4866e+06,0,0.071506,0.070973,-0.20667,0
5.9927e+06,-2.4713e+06,0,0.071593,0.07106,-0.20667,0
6.0038e+06,-2.4559e+06,0,0.071681,0.071147,-0.20667,0
6.0149e+06,-2.4406e+06,0,0.071768,0.071235,-0.20667,0
6.0261e+06,-2.4253e+06,0,0.071855,0.071322,-0.20667,0
6.0372e+06,-2.41e+06,0,0.071943,0.071409,-0.20667,0
6.0484e+06,-2.3947e+06,0,0.07203,0.071497,-0.20667,0
6.0595e+06,-2.3795e+06,0,0.072117,0.071584,-0.20667,0
6.0706e+06,-2.3642e+06,0,0.072204,0.071671,-0.20667,0
6.0817e+06,-2.3489e+06,0,0.072292,0.071759,-0.20667,0
6.0922e+06,-2.3337e+06,0,0.072379,0.071846,-0.20667,0
6.1027e+06,-2.3184e+06,0,0.072466,0.071933,-0.20667,0
6.1132e+06,-2.3031e+06,0,0.072554,0.072021,-0.20667,0
6.1236e+06,-2.2879e+06,0,0.072641,0.072108,-0.20667,0
6.1341e+06,-2.2726e+06,0,0.072728,0.072195,-0.20667,0
6.1446e+06,-2.2574e+06,0,0.072816,0.072283,-0.20667,0
6.1551e+06,-2.242e+06,0,0.072903,0.07237,-0.20667,0
6.1657e+06,-2.2265e+06,0,0.07299,0.072457,-0.20667,0
6.1763e+06,-2.211e+06,0,0.073078,0.072544,-0.20667,0
6.1869e+06,-2.1956e+06,0,0.073165,0.072632,-0.20667,0
6.1974e+06,-2.1801e+06,0,0.073252,0.072719,-0.20667,0
6.208e+06,-2.1647e+06,0,0.073339,0.072806,-0.20667,0
6.2186e+06,-2.1492e+06,0,0.073427,0.072894,-0.20667,0
6.2292e+06,-2.1338e+06,0,0.073514,0.072981,-0.20667,0
6.2395e+06,-2.1184e+06,0,0.073601,0.073068,-0.20667,0
6.2494e+06,-2.1029e+06,0,0.073689,0.073156,-0.20667,0
6.2593e+06,-2.0875e+06,0,0.073776,0.073243,-0.20667,0
6.2692e+06,-2.0721e+06,0,0.073863,0.07333,-0.20667,0
6.2792e+06,-2.0566e+06,0,0.073951,0.073418,-0.20667,0
6.2891e+06,-2.0412e+06,0,0.074038,0.073505,-0.20667,0
6.299e+06,-2.0258e+06,0,0.074125,0.073592,-0.20667,0
6.3089e+06,-2.0104e+06,0,0.074213,0.073679,-0.20667,0
6.3189e+06,-1.995e+06,0,0.0743,0.073767,-0.20667,0
6.3288e+06,-1.9797e+06,0,0.074387,0.073854,-0.20667,0
6.3388e+06,-1.9643e+06,0,0.074474,0.073941,-0.20667,0
6.3487e+06,-1.949e+06,0,0.074562,0.074029,-0.20667,0
6.3587e+06,-1.9336e+06,0,0.074649,0.074116,-0.20667,0
6.3686e+06,-1.9183e+06,0,0.074736,0.074203,-0.20667,0
6.3786e+06,-1.9029e+06,0,0.074824,0.074291,-0.20667,0
6.3881e+06,-1.8876e+06,0,0.074911,0.074378,-0.20667,0
6.3974e+06,-1.8722e+06,0,0.074998,0.074465,-0.20667,0
6.4068e+06,-1.8568e+06,0,0.075086,0.074553,-0.20667,0
6.4161e+06,-1.8415e+06,0,0.075173,0.07464,-0.20667,0
6.4254e+06,-1.8261e+06,0,0.07526,0.074727,-0.20667,0
6.4348e+06,-1.8108e+06,0,0.075348,0.074814,-0.20667,0
6.4441e+06,-1.7954e+06,0,0.075435,0.074902,-0.20667,0
6.4534e+06,-1.7801e+06,0,0.075522,0.074989,-0.20667,0
6.4628e+06,-1.7647e+06,0,0.075609,0.075076,-0.20667,0
6.4722e+06,-1.7492e+06,0,0.075697,0.075164,-0.20667,0
6.4816e+06,-1.7337e+06,0,0.075784,0.075251,-0.20667,0
6.491e+06,-1.7181e+06,0,0.075871,0.075338,-0.20667,0
6.5004e+06,-1.7026e+06,0,0.075959,0.075426,-0.20667,0
6.5098e+06,-1.6871e+06,0,0.076046,0.075513,-0.20667,0
6.5192e+06,-1.6716e+06,0,0.076133,0.0756,-0.20667,0
6.5278e+06,-1.6562e+06,0,0.076221,0.075688,-0.20667,0
6.5364e+06,-1.6408e+06,0,0.076308,0.075775,-0.20667,0
6.5451e+06,-1.6254e+06,0,0.076395,0.075862,-0.20667,0
6.5537e+06,-1.61e+06,0,0.076483,0.075949,-0.20667,0
6.5623e+06,-1.5946e+06,0,0.07657,0.076037,-0.20667,0
6.5709e+06,-1.5793e+06,0,0.076657,0.076124,-0.20667,0
6.5796e+06,-1.5639e+06,0,0.076744,0.076211,-0.20667,0
6.5883e+06,-1.5486e+06,0,0.076832,0.076299,-0.20667,0
6.5969e+06,-1.5332e+06,0,0.076919,0.076386,-0.20667,0
6.6056e+06,-1.5179e+06,0,0.077006,0.076473,-0.20667,0
6.6142e+06,-1.5025e+06,0,0.077094,0.076561,-0.20667,0
6.6229e+06,-1.4872e+06,0,0.077181,0.076648,-0.20667,0
6.6316e+06,-1.4718e+06,0,0.077268,0.076735,-0.20667,0
6.6402e+06,-1.4565e+06,0,0.077356,0.076823,-0.20667,0
6.6488e+06,-1.4411e+06,0,0.077443,0.07691,-0.20667,0
6.6569e+06,-1.4257e+06,0,0.07753,0.076997,-0.20667,0
6.665e+06,-1.4104e+06,0,0.077618,0.077084,-0.20667,0
6.6731e+06,-1.395e+06,0,0.077705,0.077172,-0.20667,0
6.6813e+06,-1.3796e+06,0,0.077792,0.077259,-0.20667,0
6.6894e+06,-1.3642e+06,0,0.07788,0.077346,-0.20667,0
6.6975e+06,-1.3488e+06,0,0.077967,0.077434,-0.20667,0
6.7056e+06,-1.3335e+06,0,0.078054,0.077521,-0.20667,0
6.7137e+06,-1.3181e+06,0,0.078141,0.077608,-0.20667,0
6.7218e+06,-1.3027e+06,0,0.078229,0.077696,-0.20667,0
6.7299e+06,-1.2873e+06,0,0.078316,0.077783,-0.20667,0
6.738e+06,-1.2719e+06,0,0.078403,0.07787,-0.20667,0
6.7463e+06,-1.2564e+06,0,0.078491,0.077958,-0.20667,0
6.7545e+06,-1.2408e+06,0,0.078578,0.078045,-0.20667,0
6.7627e+06,-1.2253e+06,0,0.078665,0.078132,-0.20667,0
6.7707e+06,-1.2098e+06,0,0.078753,0.07822,-0.20667,0
6.7784e+06,-1.1943e+06,0,0.07884,0.078307,-0.20667,0
6.7861e+06,-1.1788e+06,0,0.078927,0.078394,-0.20667,0
6.7938e+06,-1.1633e+06,0,0.079015,0.078481,-0.20667,0
6.8015e+06,-1.1478e+06,0,0.079102,0.078569,-0.20667,0
6.8092e+06,-1.1323e+06,0,0.079189,0.078656,-0.20667,0
6.8169e+06,-1.1168e+06,0,0.079276,0.078743,-0.20667,0
6.8246e+06,-1.1013e+06,0,0.079364,0.078831,-0.20667,0
6.8323e+06,-1.0858e+06,0,0.079451,0.078918,-0.20667,0
6.84e+06,-1.0702e+06,0,0.079538,0.079005,-0.20667,0
6.8477e+06,-1.0547e+06,0,0.079626,0.079093,-0.20667,0
6.8554e+06,-1.0392e+06,0,0.079713,0.07918,-0.20667,0
6.8631e+06,-1.0237e+06,0,0.0798,0.079267,-0.20667,0
6.8708e+06,-1.0082e+06,0,0.079888,0.079355,-0.20667,0
6.8785e+06,-9.9267e+05,0,0.079975,0.079442,-0.20667,0
6.8859e+06,-9.7733e+05,0,0.080062,0.079529,-0.20667,0
6.8932e+06,-9.6203e+05,0,0.08015,0.079616,-0.20667,0
6.9005e+06,-9.4674e+05,0,0.080237,0.079704,-0.20667,0
6.9079e+06,-9.3144e+05,0,0.080324,0.079791,-0.20667,0
6.9152e+06,-9.1615e+05,0,0.080411,0.079878,-0.20667,0
6.9225e+06,-9.0085e+05,0,0.080499,0.079966,-0.20667,0
6.9298e+06,-8.8556e+05,0,0.080586,0.080053,-0.20667,0
6.9372e+06,-8.7026e+05,0,0.080673,0.08014,-0.20667,0
6.9445e+06,-8.5497e+05,0,0.080761,0.080228,-0.20667,0
6.9518e+06,-8.3967e+05,0,0.080848,0.080315,-0.20667,0
6.9591e+06,-8.2438e+05,0,0.080935,0.080402,-0.20667,0
6.9664e+06,-8.0908e+05,0,0.081023,0.08049,-0.20667,0
6.9738e+06,-7.9379e+05,0,0.08111,0.080577,-0.20667,0
6.9811e+06,-7.7833e+05,0,0.081197,0.080664,-0.20667,0
6.9883e+06,-7.6279e+05,0,0.081285,0.080751,-0.20667,0
6.9945e+06,-7.4673e+05,0,0.081372,0.080839,-0.20667,0
7.0006e+06,-7.3099e+05,0,0.081459,0.080926,-0.20667,0
7.0066e+06,-7.1531e+05,0,0.081546,0.081013,-0.20667,0
7.0126e+06,-6.9964e+05,0,0.081634,0.081101,-0.20667,0
7.0187e+06,-6.8396e+05,0,0.081721,0.081188,-0.20667,0
7.0247e+06,-6.6828e+05,0,0.081808,0.081275,-0.20667,0
7.0307e+06,-6.5261e+05,0,0.081896,0.081363,-0.20667,0
7.0367e+06,-6.3693e+05,0,0.081983,0.08145,-0.20667,0
7.0427e+06,-6.2126e+05,0,0.08207,0.081537,-0.20667,0
7.0488e+06,-6.0558e+05,0,0.082158,0.081625,-0.20667,0
7.0548e+06,-5.899e+05,0,0.082245,0.081712,-0.20667,0
7.0608e+06,-5.7423e+05,0,0.082332,0.081799,-0.20667,0
7.0668e+06,-5.5855e+05,0,0.08242,0.081886,-0.20667,0
7.0728e+06,-5.4287e+05,0,0.082507,0.081974,-0.20667,0
7.0789e+06,-5.272e+05,0,0.082594,0.082061,-0.20667,0
7.0861e+06,-5.1274e+05,0,0.082681,0.082148,-0.20667,0
7.0937e+06,-4.9855e+05,0,0.082769,0.082236,-0.20667,0
7.1012e+06,-4.8435e+05,0,0.082856,0.082323,-0.20667,0
7.1087e+06,-4.7016e+05,0,0.082943,0.08241,-0.20667,0
7.1163e+06,-4.5596e+05,0,0.083031,0.082498,-0.20667,0
7.1238e+06,-4.4176e+05,0,0.083118,0.082585,-0.20667,0
7.1313e+06,-4.2757e+05,0,0.083205,0.082672,-0.20667,0
7.1389e+06,-4.1337e+05,0,0.083293,0.08276,-0.20667,0
7.1458e+06,-3.9746e+05,0,0.08338,0.082847,-0.20667,0
7.1524e+06,-3.8092e+05,0,0.083467,0.082934,-0.20667,0
7.159e+06,-3.6438e+05,0,0.083555,0.083021,-0.20667,0
7.1657e+06,-3.4784e+05,0,0.083642,0.083109,-0.20667,0
7.1723e+06,-3.313e+05,0,0.083729,0.083196,-0.20667,0
7.178e+06,-3.1314e+05,0,0.083817,0.083283,-0.20667,0
7.1834e+06,-2.9435e+05,0,0.083904,0.083371,-0.20667,0
7.1888e+06,-2.7556e+05,0,0.083991,0.083458,-0.20667,0
7.1942e+06,-2.5677e+05,0,0.084078,0.083545,-0.20667,0
7.1996e+06,-2.3798e+05,0,0.084166,0.083633,-0.20667,0
7.1207e+06,-2.1986e+05,0,0.084253,0.08372,-0.20667,0
6.6318e+06,-2.0497e+05,0,0.08434,0.083807,-0.20667,0
6.143e+06,-1.9008e+05,0,0.084428,0.083895,-0.20667,0
5.6542e+06,-1.7519e+05,0,0.084515,0.083982,-0.20667,0
5.1653e+06,-1.603e+05,0,0.084602,0.084069,-0.20667,0
4.6765e+06,-1.4541e+05,0,0.08469,0.084157,-0.20667,0
4.1877e+06,-1.3052e+05,0,0.084777,0.084244,-0.20667,0
3.6988e+06,-1.1563e+05,0,0.084864,0.084331,-0.20667,0
3.21e+06,-1.0074e+05,0,0.084952,0.084418,-0.20667,0
2.7211e+06,-85845,0,0.085039,0.084506,-0.20667,0
2.2372e+06,-70791,0,0.085126,0.084593,-0.20667,0
1.7572e+06,-55603,0,0.085213,0.08468,-0.20667,0
1.2772e+06,-40414,0,0.085301,0.084768,-0.20667,0
7.9723e+05,-25227,0,0.085388,0.084855,-0.20667,0
3.1723e+05,-10038,0,0.085475,0.084942,-0.20667,0
0,0,0,0.085563,0.08503,-0.20667,0
0,0,0,0.08565,0.085117,-0.20667,0
0,0,0,0.085737,0.085204,-0.20667,0
0,0,0,0.085825,0.085292,-0.20667,0
0,0,0,0.085912,0.085379,-0.20667,0
0,0,0,0.085999,0.085466,-0.20667,0
0,0,0,0.086087,0.085553,-0.20667,0
0,0,0,0.086174,0.085641,-0.20667,0
0,0,0,0.086261,0.085728,-0.20667,0
0,0,0,0.086348,0.085815,-0.20667,0
0,0,0,0.086436,0.085903,-0.20667,0
0,0,0,0.086523,0.08599,-0.20667,0
0,0,0,0.08661,0.086077,-0.20667,0
0,0,0,0.086698,0.086165,-0.20667,0
0,0,0,0.086785,0.086252,-0.20667,0
0,0,0,0.086872,0.086339,-0.20667,0
0,0,0,0.08696,0.086427,-0.20667,0
0,0,0,0.087047,0.086514,-0.20667,0
0,0,0,0.087134,0.086601,-0.20667,0
0,0,0,0.087222,0.086688,-0.20667,0
0,0,0,0.087309,0.086776,-0.20667,0
