"T","arc_length","Points:0","Points:1","Points:2"
nan,0.00000e+00,-1.10842e-03,-2.88086e-01,0.00000e+00
nan,8.73088e-05,-1.02111e-03,-2.88086e-01,0.00000e+00
nan,1.74618e-04,-9.33800e-04,-2.88086e-01,0.00000e+00
nan,2.61927e-04,-8.46491e-04,-2.88086e-01,0.00000e+00
nan,3.49235e-04,-7.59182e-04,-2.88086e-01,0.00000e+00
nan,4.36544e-04,-6.71873e-04,-2.88086e-01,0.00000e+00
nan,5.23853e-04,-5.84564e-04,-2.88086e-01,0.00000e+00
nan,6.11162e-04,-4.97255e-04,-2.88086e-01,0.00000e+00
nan,6.98471e-04,-4.09946e-04,-2.88086e-01,0.00000e+00
nan,7.85780e-04,-3.22638e-04,-2.88086e-01,0.00000e+00
nan,8.73089e-04,-2.35329e-04,-2.88086e-01,0.00000e+00
nan,9.60398e-04,-1.48020e-04,-2.88086e-01,0.00000e+00
nan,1.04771e-03,-6.07110e-05,-2.88086e-01,0.00000e+00
3.32304e+02,1.13502e-03,2.65979e-05,-2.88086e-01,0.00000e+00
3.32304e+02,1.22232e-03,1.13907e-04,-2.88086e-01,0.00000e+00
3.32304e+02,1.30963e-03,2.01216e-04,-2.88086e-01,0.00000e+00
3.32304e+02,1.39694e-03,2.88525e-04,-2.88086e-01,0.00000e+00
3.32304e+02,1.48425e-03,3.75833e-04,-2.88086e-01,0.00000e+00
3.32304e+02,1.57156e-03,4.63142e-04,-2.88086e-01,0.00000e+00
3.32304e+02,1.65887e-03,5.50451e-04,-2.88086e-01,0.00000e+00
3.32304e+02,1.74618e-03,6.37760e-04,-2.88086e-01,0.00000e+00
3.32304e+02,1.83349e-03,7.25069e-04,-2.88086e-01,0.00000e+00
3.32304e+02,1.92080e-03,8.12378e-04,-2.88086e-01,0.00000e+00
3.32304e+02,2.00810e-03,8.99687e-04,-2.88086e-01,0.00000e+00
3.32304e+02,2.09541e-03,9.86996e-04,-2.88086e-01,0.00000e+00
3.32304e+02,2.18272e-03,1.07430e-03,-2.88086e-01,0.00000e+00
3.32304e+02,2.27003e-03,1.16161e-03,-2.88086e-01,0.00000e+00
3.32304e+02,2.35734e-03,1.24892e-03,-2.88086e-01,0.00000e+00
3.32304e+02,2.44465e-03,1.33623e-03,-2.88086e-01,0.00000e+00
3.32304e+02,2.53196e-03,1.42354e-03,-2.88086e-01,0.00000e+00
3.32304e+02,2.61927e-03,1.51085e-03,-2.88086e-01,0.00000e+00
3.32304e+02,2.70657e-03,1.59816e-03,-2.88086e-01,0.00000e+00
3.32304e+02,2.79388e-03,1.68547e-03,-2.88086e-01,0.00000e+00
3.32304e+02,2.88119e-03,1.77278e-03,-2.88086e-01,0.00000e+00
3.32304e+02,2.96850e-03,1.86008e-03,-2.88086e-01,0.00000e+00
3.32304e+02,3.05581e-03,1.94739e-03,-2.88086e-01,0.00000e+00
3.32304e+02,3.14312e-03,2.03470e-03,-2.88086e-01,0.00000e+00
3.32304e+02,3.23043e-03,2.12201e-03,-2.88086e-01,0.00000e+00
3.32304e+02,3.31774e-03,2.20932e-03,-2.88086e-01,0.00000e+00
3.32304e+02,3.40505e-03,2.29663e-03,-2.88086e-01,0.00000e+00
3.32304e+02,3.49235e-03,2.38394e-03,-2.88086e-01,0.00000e+00
3.32304e+02,3.57966e-03,2.47125e-03,-2.88086e-01,0.00000e+00
3.32304e+02,3.66697e-03,2.55856e-03,-2.88086e-01,0.00000e+00
3.32304e+02,3.75428e-03,2.64586e-03,-2.88086e-01,0.00000e+00
3.32304e+02,3.84159e-03,2.73317e-03,-2.88086e-01,0.00000e+00
3.32304e+02,3.92890e-03,2.82048e-03,-2.88086e-01,0.00000e+00
3.32304e+02,4.01621e-03,2.90779e-03,-2.88086e-01,0.00000e+00
3.32304e+02,4.10352e-03,2.99510e-03,-2.88086e-01,0.00000e+00
3.32304e+02,4.19083e-03,3.08241e-03,-2.88086e-01,0.00000e+00
3.32304e+02,4.27813e-03,3.16972e-03,-2.88086e-01,0.00000e+00
3.32304e+02,4.36544e-03,3.25703e-03,-2.88086e-01,0.00000e+00
3.32304e+02,4.45275e-03,3.34433e-03,-2.88086e-01,0.00000e+00
3.32304e+02,4.54006e-03,3.43164e-03,-2.88086e-01,0.00000e+00
3.32304e+02,4.62737e-03,3.51895e-03,-2.88086e-01,0.00000e+00
3.32304e+02,4.71468e-03,3.60626e-03,-2.88086e-01,0.00000e+00
3.32304e+02,4.80199e-03,3.69357e-03,-2.88086e-01,0.00000e+00
3.32304e+02,4.88930e-03,3.78088e-03,-2.88086e-01,0.00000e+00
3.32304e+02,4.97661e-03,3.86819e-03,-2.88086e-01,0.00000e+00
3.32303e+02,5.06391e-03,3.95550e-03,-2.88086e-01,0.00000e+00
3.32303e+02,5.15122e-03,4.04281e-03,-2.88086e-01,0.00000e+00
3.32303e+02,5.23853e-03,4.13011e-03,-2.88086e-01,0.00000e+00
3.32303e+02,5.32584e-03,4.21742e-03,-2.88086e-01,0.00000e+00
3.32303e+02,5.41315e-03,4.30473e-03,-2.88086e-01,0.00000e+00
3.32303e+02,5.50046e-03,4.39204e-03,-2.88086e-01,0.00000e+00
3.32303e+02,5.58777e-03,4.47935e-03,-2.88086e-01,0.00000e+00
3.32303e+02,5.67508e-03,4.56666e-03,-2.88086e-01,0.00000e+00
3.32303e+02,5.76239e-03,4.65397e-03,-2.88086e-01,0.00000e+00
3.32303e+02,5.84969e-03,4.74128e-03,-2.88086e-01,0.00000e+00
3.32303e+02,5.93700e-03,4.82859e-03,-2.88086e-01,0.00000e+00
3.32303e+02,6.02431e-03,4.91589e-03,-2.88086e-01,0.00000e+00
3.32303e+02,6.11162e-03,5.00320e-03,-2.88086e-01,0.00000e+00
3.32303e+02,6.19893e-03,5.09051e-03,-2.88086e-01,0.00000e+00
3.32303e+02,6.28624e-03,5.17782e-03,-2.88086e-01,0.00000e+00
3.32303e+02,6.37355e-03,5.26513e-03,-2.88086e-01,0.00000e+00
3.32303e+02,6.46086e-03,5.35244e-03,-2.88086e-01,0.00000e+00
3.32303e+02,6.54817e-03,5.43975e-03,-2.88086e-01,0.00000e+00
3.32303e+02,6.63547e-03,5.52706e-03,-2.88086e-01,0.00000e+00
3.32303e+02,6.72278e-03,5.61437e-03,-2.88086e-01,0.00000e+00
3.32303e+02,6.81009e-03,5.70167e-03,-2.88086e-01,0.00000e+00
3.32303e+02,6.89740e-03,5.78898e-03,-2.88086e-01,0.00000e+00
3.32303e+02,6.98471e-03,5.87629e-03,-2.88086e-01,0.00000e+00
3.32303e+02,7.07202e-03,5.96360e-03,-2.88086e-01,0.00000e+00
3.32303e+02,7.15933e-03,6.05091e-03,-2.88086e-01,0.00000e+00
3.32303e+02,7.24664e-03,6.13822e-03,-2.88086e-01,0.00000e+00
3.32303e+02,7.33395e-03,6.22553e-03,-2.88086e-01,0.00000e+00
3.32303e+02,7.42125e-03,6.31284e-03,-2.88086e-01,0.00000e+00
3.32303e+02,7.50856e-03,6.40015e-03,-2.88086e-01,0.00000e+00
3.32303e+02,7.59587e-03,6.48745e-03,-2.88086e-01,0.00000e+00
3.32303e+02,7.68318e-03,6.57476e-03,-2.88086e-01,0.00000e+00
3.32303e+02,7.77049e-03,6.66207e-03,-2.88086e-01,0.00000e+00
3.32303e+02,7.85780e-03,6.74938e-03,-2.88086e-01,0.00000e+00
3.32303e+02,7.94511e-03,6.83669e-03,-2.88086e-01,0.00000e+00
3.32303e+02,8.03242e-03,6.92400e-03,-2.88086e-01,0.00000e+00
3.32303e+02,8.11972e-03,7.01131e-03,-2.88086e-01,0.00000e+00
3.32303e+02,8.20703e-03,7.09862e-03,-2.88086e-01,0.00000e+00
3.32303e+02,8.29434e-03,7.18593e-03,-2.88086e-01,0.00000e+00
3.32303e+02,8.38165e-03,7.27323e-03,-2.88086e-01,0.00000e+00
3.32303e+02,8.46896e-03,7.36054e-03,-2.88086e-01,0.00000e+00
3.32303e+02,8.55627e-03,7.44785e-03,-2.88086e-01,0.00000e+00
3.32303e+02,8.64358e-03,7.53516e-03,-2.88086e-01,0.00000e+00
3.32303e+02,8.73089e-03,7.62247e-03,-2.88086e-01,0.00000e+00
3.32303e+02,8.81820e-03,7.70978e-03,-2.88086e-01,0.00000e+00
3.32303e+02,8.90550e-03,7.79709e-03,-2.88086e-01,0.00000e+00
3.32303e+02,8.99281e-03,7.88440e-03,-2.88086e-01,0.00000e+00
3.32303e+02,9.08012e-03,7.97170e-03,-2.88086e-01,0.00000e+00
3.32303e+02,9.16743e-03,8.05901e-03,-2.88086e-01,0.00000e+00
3.32303e+02,9.25474e-03,8.14632e-03,-2.88086e-01,0.00000e+00
3.32303e+02,9.34205e-03,8.23363e-03,-2.88086e-01,0.00000e+00
3.32303e+02,9.42936e-03,8.32094e-03,-2.88086e-01,0.00000e+00
3.32303e+02,9.51667e-03,8.40825e-03,-2.88086e-01,0.00000e+00
3.32303e+02,9.60398e-03,8.49556e-03,-2.88086e-01,0.00000e+00
3.32303e+02,9.69128e-03,8.58287e-03,-2.88086e-01,0.00000e+00
3.32303e+02,9.77859e-03,8.67018e-03,-2.88086e-01,0.00000e+00
3.32303e+02,9.86590e-03,8.75749e-03,-2.88086e-01,0.00000e+00
3.32303e+02,9.95321e-03,8.84479e-03,-2.88086e-01,0.00000e+00
3.32303e+02,1.00405e-02,8.93210e-03,-2.88086e-01,0.00000e+00
3.32303e+02,1.01278e-02,9.01941e-03,-2.88086e-01,0.00000e+00
3.32303e+02,1.02151e-02,9.10672e-03,-2.88086e-01,0.00000e+00
3.32303e+02,1.03024e-02,9.19403e-03,-2.88086e-01,0.00000e+00
3.32303e+02,1.03898e-02,9.28134e-03,-2.88086e-01,0.00000e+00
3.32303e+02,1.04771e-02,9.36865e-03,-2.88086e-01,0.00000e+00
3.32302e+02,1.05644e-02,9.45596e-03,-2.88086e-01,0.00000e+00
3.32302e+02,1.06517e-02,9.54327e-03,-2.88086e-01,0.00000e+00
3.32302e+02,1.07390e-02,9.63057e-03,-2.88086e-01,0.00000e+00
3.32302e+02,1.08263e-02,9.71788e-03,-2.88086e-01,0.00000e+00
3.32302e+02,1.09136e-02,9.80519e-03,-2.88086e-01,0.00000e+00
3.32302e+02,1.10009e-02,9.89250e-03,-2.88086e-01,0.00000e+00
3.32302e+02,1.10882e-02,9.97981e-03,-2.88086e-01,0.00000e+00
3.32302e+02,1.11755e-02,1.00671e-02,-2.88086e-01,0.00000e+00
3.32302e+02,1.12628e-02,1.01544e-02,-2.88086e-01,0.00000e+00
3.32302e+02,1.13502e-02,1.02417e-02,-2.88086e-01,0.00000e+00
3.32302e+02,1.14375e-02,1.03290e-02,-2.88086e-01,0.00000e+00
3.32302e+02,1.15248e-02,1.04164e-02,-2.88086e-01,0.00000e+00
3.32302e+02,1.16121e-02,1.05037e-02,-2.88086e-01,0.00000e+00
3.32302e+02,1.16994e-02,1.05910e-02,-2.88086e-01,0.00000e+00
3.32302e+02,1.17867e-02,1.06783e-02,-2.88086e-01,0.00000e+00
3.32302e+02,1.18740e-02,1.07656e-02,-2.88086e-01,0.00000e+00
3.32302e+02,1.19613e-02,1.08529e-02,-2.88086e-01,0.00000e+00
3.32302e+02,1.20486e-02,1.09402e-02,-2.88086e-01,0.00000e+00
3.32302e+02,1.21359e-02,1.10275e-02,-2.88086e-01,0.00000e+00
3.32302e+02,1.22232e-02,1.11148e-02,-2.88086e-01,0.00000e+00
3.32302e+02,1.23106e-02,1.12021e-02,-2.88086e-01,0.00000e+00
3.32302e+02,1.23979e-02,1.12894e-02,-2.88086e-01,0.00000e+00
3.32302e+02,1.24852e-02,1.13768e-02,-2.88086e-01,0.00000e+00
3.32302e+02,1.25725e-02,1.14641e-02,-2.88086e-01,0.00000e+00
3.32302e+02,1.26598e-02,1.15514e-02,-2.88086e-01,0.00000e+00
3.32302e+02,1.27471e-02,1.16387e-02,-2.88086e-01,0.00000e+00
3.32302e+02,1.28344e-02,1.17260e-02,-2.88086e-01,0.00000e+00
3.32302e+02,1.29217e-02,1.18133e-02,-2.88086e-01,0.00000e+00
3.32302e+02,1.30090e-02,1.19006e-02,-2.88086e-01,0.00000e+00
3.32302e+02,1.30963e-02,1.19879e-02,-2.88086e-01,0.00000e+00
3.32302e+02,1.31836e-02,1.20752e-02,-2.88086e-01,0.00000e+00
3.32302e+02,1.32709e-02,1.21625e-02,-2.88086e-01,0.00000e+00
3.32302e+02,1.33583e-02,1.22498e-02,-2.88086e-01,0.00000e+00
3.32302e+02,1.34456e-02,1.23371e-02,-2.88086e-01,0.00000e+00
3.32302e+02,1.35329e-02,1.24245e-02,-2.88086e-01,0.00000e+00
3.32302e+02,1.36202e-02,1.25118e-02,-2.88086e-01,0.00000e+00
3.32302e+02,1.37075e-02,1.25991e-02,-2.88086e-01,0.00000e+00
3.32302e+02,1.37948e-02,1.26864e-02,-2.88086e-01,0.00000e+00
3.32301e+02,1.38821e-02,1.27737e-02,-2.88086e-01,0.00000e+00
3.32301e+02,1.39694e-02,1.28610e-02,-2.88086e-01,0.00000e+00
3.32301e+02,1.40567e-02,1.29483e-02,-2.88086e-01,0.00000e+00
3.32301e+02,1.41440e-02,1.30356e-02,-2.88086e-01,0.00000e+00
3.32301e+02,1.42313e-02,1.31229e-02,-2.88086e-01,0.00000e+00
3.32301e+02,1.43187e-02,1.32102e-02,-2.88086e-01,0.00000e+00
3.32301e+02,1.44060e-02,1.32975e-02,-2.88086e-01,0.00000e+00
3.32301e+02,1.44933e-02,1.33849e-02,-2.88086e-01,0.00000e+00
3.32301e+02,1.45806e-02,1.34722e-02,-2.88086e-01,0.00000e+00
3.32301e+02,1.46679e-02,1.35595e-02,-2.88086e-01,0.00000e+00
3.32301e+02,1.47552e-02,1.36468e-02,-2.88086e-01,0.00000e+00
3.32301e+02,1.48425e-02,1.37341e-02,-2.88086e-01,0.00000e+00
3.32301e+02,1.49298e-02,1.38214e-02,-2.88086e-01,0.00000e+00
3.32301e+02,1.50171e-02,1.39087e-02,-2.88086e-01,0.00000e+00
3.32301e+02,1.51044e-02,1.39960e-02,-2.88086e-01,0.00000e+00
3.32301e+02,1.51917e-02,1.40833e-02,-2.88086e-01,0.00000e+00
3.32301e+02,1.52791e-02,1.41706e-02,-2.88086e-01,0.00000e+00
3.32301e+02,1.53664e-02,1.42579e-02,-2.88086e-01,0.00000e+00
3.32301e+02,1.54537e-02,1.43453e-02,-2.88086e-01,0.00000e+00
3.32301e+02,1.55410e-02,1.44326e-02,-2.88086e-01,0.00000e+00
3.32301e+02,1.56283e-02,1.45199e-02,-2.88086e-01,0.00000e+00
3.32301e+02,1.57156e-02,1.46072e-02,-2.88086e-01,0.00000e+00
3.32301e+02,1.58029e-02,1.46945e-02,-2.88086e-01,0.00000e+00
3.32301e+02,1.58902e-02,1.47818e-02,-2.88086e-01,0.00000e+00
3.32301e+02,1.59775e-02,1.48691e-02,-2.88086e-01,0.00000e+00
3.32301e+02,1.60648e-02,1.49564e-02,-2.88086e-01,0.00000e+00
3.32301e+02,1.61521e-02,1.50437e-02,-2.88086e-01,0.00000e+00
3.32301e+02,1.62394e-02,1.51310e-02,-2.88086e-01,0.00000e+00
3.32301e+02,1.63268e-02,1.52183e-02,-2.88086e-01,0.00000e+00
3.32301e+02,1.64141e-02,1.53057e-02,-2.88086e-01,0.00000e+00
3.32300e+02,1.65014e-02,1.53930e-02,-2.88086e-01,0.00000e+00
3.32300e+02,1.65887e-02,1.54803e-02,-2.88086e-01,0.00000e+00
3.32300e+02,1.66760e-02,1.55676e-02,-2.88086e-01,0.00000e+00
3.32300e+02,1.67633e-02,1.56549e-02,-2.88086e-01,0.00000e+00
3.32300e+02,1.68506e-02,1.57422e-02,-2.88086e-01,0.00000e+00
3.32300e+02,1.69379e-02,1.58295e-02,-2.88086e-01,0.00000e+00
3.32300e+02,1.70252e-02,1.59168e-02,-2.88086e-01,0.00000e+00
3.32300e+02,1.71125e-02,1.60041e-02,-2.88086e-01,0.00000e+00
3.32300e+02,1.71998e-02,1.60914e-02,-2.88086e-01,0.00000e+00
3.32300e+02,1.72872e-02,1.61787e-02,-2.88086e-01,0.00000e+00
3.32300e+02,1.73745e-02,1.62660e-02,-2.88086e-01,0.00000e+00
3.32300e+02,1.74618e-02,1.63534e-02,-2.88086e-01,0.00000e+00
3.32300e+02,1.75491e-02,1.64407e-02,-2.88086e-01,0.00000e+00
3.32300e+02,1.76364e-02,1.65280e-02,-2.88086e-01,0.00000e+00
3.32300e+02,1.77237e-02,1.66153e-02,-2.88086e-01,0.00000e+00
3.32300e+02,1.78110e-02,1.67026e-02,-2.88086e-01,0.00000e+00
3.32300e+02,1.78983e-02,1.67899e-02,-2.88086e-01,0.00000e+00
3.32300e+02,1.79856e-02,1.68772e-02,-2.88086e-01,0.00000e+00
3.32300e+02,1.80729e-02,1.69645e-02,-2.88086e-01,0.00000e+00
3.32300e+02,1.81602e-02,1.70518e-02,-2.88086e-01,0.00000e+00
3.32300e+02,1.82476e-02,1.71391e-02,-2.88086e-01,0.00000e+00
3.32300e+02,1.83349e-02,1.72264e-02,-2.88086e-01,0.00000e+00
3.32300e+02,1.84222e-02,1.73138e-02,-2.88086e-01,0.00000e+00
3.32300e+02,1.85095e-02,1.74011e-02,-2.88086e-01,0.00000e+00
3.32300e+02,1.85968e-02,1.74884e-02,-2.88086e-01,0.00000e+00
3.32299e+02,1.86841e-02,1.75757e-02,-2.88086e-01,0.00000e+00
3.32299e+02,1.87714e-02,1.76630e-02,-2.88086e-01,0.00000e+00
3.32299e+02,1.88587e-02,1.77503e-02,-2.88086e-01,0.00000e+00
3.32299e+02,1.89460e-02,1.78376e-02,-2.88086e-01,0.00000e+00
3.32299e+02,1.90333e-02,1.79249e-02,-2.88086e-01,0.00000e+00
3.32299e+02,1.91206e-02,1.80122e-02,-2.88086e-01,0.00000e+00
3.32299e+02,1.92080e-02,1.80995e-02,-2.88086e-01,0.00000e+00
3.32299e+02,1.92953e-02,1.81868e-02,-2.88086e-01,0.00000e+00
3.32299e+02,1.93826e-02,1.82742e-02,-2.88086e-01,0.00000e+00
3.32299e+02,1.94699e-02,1.83615e-02,-2.88086e-01,0.00000e+00
3.32299e+02,1.95572e-02,1.84488e-02,-2.88086e-01,0.00000e+00
3.32299e+02,1.96445e-02,1.85361e-02,-2.88086e-01,0.00000e+00
3.32299e+02,1.97318e-02,1.86234e-02,-2.88086e-01,0.00000e+00
3.32299e+02,1.98191e-02,1.87107e-02,-2.88086e-01,0.00000e+00
3.32299e+02,1.99064e-02,1.87980e-02,-2.88086e-01,0.00000e+00
3.32299e+02,1.99937e-02,1.88853e-02,-2.88086e-01,0.00000e+00
3.32299e+02,2.00810e-02,1.89726e-02,-2.88086e-01,0.00000e+00
3.32299e+02,2.01683e-02,1.90599e-02,-2.88086e-01,0.00000e+00
3.32299e+02,2.02557e-02,1.91472e-02,-2.88086e-01,0.00000e+00
3.32299e+02,2.03430e-02,1.92345e-02,-2.88086e-01,0.00000e+00
3.32299e+02,2.04303e-02,1.93219e-02,-2.88086e-01,0.00000e+00
3.32299e+02,2.05176e-02,1.94092e-02,-2.88086e-01,0.00000e+00
3.32299e+02,2.06049e-02,1.94965e-02,-2.88086e-01,0.00000e+00
3.32298e+02,2.06922e-02,1.95838e-02,-2.88086e-01,0.00000e+00
3.32298e+02,2.07795e-02,1.96711e-02,-2.88086e-01,0.00000e+00
3.32298e+02,2.08668e-02,1.97584e-02,-2.88086e-01,0.00000e+00
3.32298e+02,2.09541e-02,1.98457e-02,-2.88086e-01,0.00000e+00
3.32298e+02,2.10414e-02,1.99330e-02,-2.88086e-01,0.00000e+00
3.32298e+02,2.11287e-02,2.00203e-02,-2.88086e-01,0.00000e+00
3.32298e+02,2.12161e-02,2.01076e-02,-2.88086e-01,0.00000e+00
3.32298e+02,2.13034e-02,2.01949e-02,-2.88086e-01,0.00000e+00
3.32298e+02,2.13907e-02,2.02823e-02,-2.88086e-01,0.00000e+00
3.32298e+02,2.14780e-02,2.03696e-02,-2.88086e-01,0.00000e+00
3.32298e+02,2.15653e-02,2.04569e-02,-2.88086e-01,0.00000e+00
3.32298e+02,2.16526e-02,2.05442e-02,-2.88086e-01,0.00000e+00
3.32298e+02,2.17399e-02,2.06315e-02,-2.88086e-01,0.00000e+00
3.32298e+02,2.18272e-02,2.07188e-02,-2.88086e-01,0.00000e+00
3.32298e+02,2.19145e-02,2.08061e-02,-2.88086e-01,0.00000e+00
3.32298e+02,2.20018e-02,2.08934e-02,-2.88086e-01,0.00000e+00
3.32298e+02,2.20891e-02,2.09807e-02,-2.88086e-01,0.00000e+00
3.32298e+02,2.21765e-02,2.10680e-02,-2.88086e-01,0.00000e+00
3.32298e+02,2.22638e-02,2.11553e-02,-2.88086e-01,0.00000e+00
3.32298e+02,2.23511e-02,2.12427e-02,-2.88086e-01,0.00000e+00
3.32298e+02,2.24384e-02,2.13300e-02,-2.88086e-01,0.00000e+00
3.32297e+02,2.25257e-02,2.14173e-02,-2.88086e-01,0.00000e+00
3.32297e+02,2.26130e-02,2.15046e-02,-2.88086e-01,0.00000e+00
3.32297e+02,2.27003e-02,2.15919e-02,-2.88086e-01,0.00000e+00
3.32297e+02,2.27876e-02,2.16792e-02,-2.88086e-01,0.00000e+00
3.32297e+02,2.28749e-02,2.17665e-02,-2.88086e-01,0.00000e+00
3.32297e+02,2.29622e-02,2.18538e-02,-2.88086e-01,0.00000e+00
3.32297e+02,2.30495e-02,2.19411e-02,-2.88086e-01,0.00000e+00
3.32297e+02,2.31369e-02,2.20284e-02,-2.88086e-01,0.00000e+00
3.32297e+02,2.32242e-02,2.21157e-02,-2.88086e-01,0.00000e+00
3.32297e+02,2.33115e-02,2.22031e-02,-2.88086e-01,0.00000e+00
3.32297e+02,2.33988e-02,2.22904e-02,-2.88086e-01,0.00000e+00
3.32297e+02,2.34861e-02,2.23777e-02,-2.88086e-01,0.00000e+00
3.32297e+02,2.35734e-02,2.24650e-02,-2.88086e-01,0.00000e+00
3.32297e+02,2.36607e-02,2.25523e-02,-2.88086e-01,0.00000e+00
3.32297e+02,2.37480e-02,2.26396e-02,-2.88086e-01,0.00000e+00
3.32297e+02,2.38353e-02,2.27269e-02,-2.88086e-01,0.00000e+00
3.32297e+02,2.39226e-02,2.28142e-02,-2.88086e-01,0.00000e+00
3.32297e+02,2.40099e-02,2.29015e-02,-2.88086e-01,0.00000e+00
3.32297e+02,2.40972e-02,2.29888e-02,-2.88086e-01,0.00000e+00
3.32296e+02,2.41846e-02,2.30761e-02,-2.88086e-01,0.00000e+00
3.32296e+02,2.42719e-02,2.31634e-02,-2.88086e-01,0.00000e+00
3.32296e+02,2.43592e-02,2.32508e-02,-2.88086e-01,0.00000e+00
3.32296e+02,2.44465e-02,2.33381e-02,-2.88086e-01,0.00000e+00
3.32296e+02,2.45338e-02,2.34254e-02,-2.88086e-01,0.00000e+00
3.32296e+02,2.46211e-02,2.35127e-02,-2.88086e-01,0.00000e+00
3.32296e+02,2.47084e-02,2.36000e-02,-2.88086e-01,0.00000e+00
3.32296e+02,2.47957e-02,2.36873e-02,-2.88086e-01,0.00000e+00
3.32296e+02,2.48830e-02,2.37746e-02,-2.88086e-01,0.00000e+00
3.32296e+02,2.49703e-02,2.38619e-02,-2.88086e-01,0.00000e+00
3.32296e+02,2.50576e-02,2.39492e-02,-2.88086e-01,0.00000e+00
3.32296e+02,2.51450e-02,2.40365e-02,-2.88086e-01,0.00000e+00
3.32296e+02,2.52323e-02,2.41238e-02,-2.88086e-01,0.00000e+00
3.32296e+02,2.53196e-02,2.42112e-02,-2.88086e-01,0.00000e+00
3.32296e+02,2.54069e-02,2.42985e-02,-2.88086e-01,0.00000e+00
3.32296e+02,2.54942e-02,2.43858e-02,-2.88086e-01,0.00000e+00
3.32296e+02,2.55815e-02,2.44731e-02,-2.88086e-01,0.00000e+00
3.32295e+02,2.56688e-02,2.45604e-02,-2.88086e-01,0.00000e+00
3.32295e+02,2.57561e-02,2.46477e-02,-2.88086e-01,0.00000e+00
3.32295e+02,2.58434e-02,2.47350e-02,-2.88086e-01,0.00000e+00
3.32295e+02,2.59307e-02,2.48223e-02,-2.88086e-01,0.00000e+00
3.32295e+02,2.60180e-02,2.49096e-02,-2.88086e-01,0.00000e+00
3.32295e+02,2.61054e-02,2.49969e-02,-2.88086e-01,0.00000e+00
3.32222e+02,2.61927e-02,2.50842e-02,-2.88086e-01,0.00000e+00
3.32146e+02,2.62800e-02,2.51716e-02,-2.88086e-01,0.00000e+00
3.32070e+02,2.63673e-02,2.52589e-02,-2.88086e-01,0.00000e+00
3.31994e+02,2.64546e-02,2.53462e-02,-2.88086e-01,0.00000e+00
3.31918e+02,2.65419e-02,2.54335e-02,-2.88086e-01,0.00000e+00
3.31842e+02,2.66292e-02,2.55208e-02,-2.88086e-01,0.00000e+00
3.31766e+02,2.67165e-02,2.56081e-02,-2.88086e-01,0.00000e+00
3.31690e+02,2.68038e-02,2.56954e-02,-2.88086e-01,0.00000e+00
3.31614e+02,2.68911e-02,2.57827e-02,-2.88086e-01,0.00000e+00
3.31538e+02,2.69784e-02,2.58700e-02,-2.88086e-01,0.00000e+00
3.31462e+02,2.70658e-02,2.59573e-02,-2.88086e-01,0.00000e+00
3.31386e+02,2.71531e-02,2.60446e-02,-2.88086e-01,0.00000e+00
3.31310e+02,2.72404e-02,2.61320e-02,-2.88086e-01,0.00000e+00
3.31234e+02,2.73277e-02,2.62193e-02,-2.88086e-01,0.00000e+00
3.31159e+02,2.74150e-02,2.63066e-02,-2.88086e-01,0.00000e+00
3.31087e+02,2.75023e-02,2.63939e-02,-2.88086e-01,0.00000e+00
3.31014e+02,2.75896e-02,2.64812e-02,-2.88086e-01,0.00000e+00
3.30942e+02,2.76769e-02,2.65685e-02,-2.88086e-01,0.00000e+00
3.30869e+02,2.77642e-02,2.66558e-02,-2.88086e-01,0.00000e+00
3.30797e+02,2.78515e-02,2.67431e-02,-2.88086e-01,0.00000e+00
3.30725e+02,2.79388e-02,2.68304e-02,-2.88086e-01,0.00000e+00
3.30652e+02,2.80261e-02,2.69177e-02,-2.88086e-01,0.00000e+00
3.30580e+02,2.81135e-02,2.70050e-02,-2.88086e-01,0.00000e+00
3.30507e+02,2.82008e-02,2.70923e-02,-2.88086e-01,0.00000e+00
3.30435e+02,2.82881e-02,2.71797e-02,-2.88086e-01,0.00000e+00
3.30363e+02,2.83754e-02,2.72670e-02,-2.88086e-01,0.00000e+00
3.30290e+02,2.84627e-02,2.73543e-02,-2.88086e-01,0.00000e+00
3.30218e+02,2.85500e-02,2.74416e-02,-2.88086e-01,0.00000e+00
3.30145e+02,2.86373e-02,2.75289e-02,-2.88086e-01,0.00000e+00
3.30076e+02,2.87246e-02,2.76162e-02,-2.88086e-01,0.00000e+00
3.30007e+02,2.88119e-02,2.77035e-02,-2.88086e-01,0.00000e+00
3.29938e+02,2.88992e-02,2.77908e-02,-2.88086e-01,0.00000e+00
3.29868e+02,2.89865e-02,2.78781e-02,-2.88086e-01,0.00000e+00
3.29799e+02,2.90739e-02,2.79654e-02,-2.88086e-01,0.00000e+00
3.29730e+02,2.91612e-02,2.80527e-02,-2.88086e-01,0.00000e+00
3.29661e+02,2.92485e-02,2.81401e-02,-2.88086e-01,0.00000e+00
3.29592e+02,2.93358e-02,2.82274e-02,-2.88086e-01,0.00000e+00
3.29523e+02,2.94231e-02,2.83147e-02,-2.88086e-01,0.00000e+00
3.29454e+02,2.95104e-02,2.84020e-02,-2.88086e-01,0.00000e+00
3.29385e+02,2.95977e-02,2.84893e-02,-2.88086e-01,0.00000e+00
3.29316e+02,2.96850e-02,2.85766e-02,-2.88086e-01,0.00000e+00
3.29247e+02,2.97723e-02,2.86639e-02,-2.88086e-01,0.00000e+00
3.29177e+02,2.98596e-02,2.87512e-02,-2.88086e-01,0.00000e+00
3.29108e+02,2.99469e-02,2.88385e-02,-2.88086e-01,0.00000e+00
3.29042e+02,3.00343e-02,2.89258e-02,-2.88086e-01,0.00000e+00
3.28976e+02,3.01216e-02,2.90131e-02,-2.88086e-01,0.00000e+00
3.28910e+02,3.02089e-02,2.91005e-02,-2.88086e-01,0.00000e+00
3.28843e+02,3.02962e-02,2.91878e-02,-2.88086e-01,0.00000e+00
3.28777e+02,3.03835e-02,2.92751e-02,-2.88086e-01,0.00000e+00
3.28711e+02,3.04708e-02,2.93624e-02,-2.88086e-01,0.00000e+00
3.28645e+02,3.05581e-02,2.94497e-02,-2.88086e-01,0.00000e+00
3.28579e+02,3.06454e-02,2.95370e-02,-2.88086e-01,0.00000e+00
3.28513e+02,3.07327e-02,2.96243e-02,-2.88086e-01,0.00000e+00
3.28447e+02,3.08200e-02,2.97116e-02,-2.88086e-01,0.00000e+00
3.28381e+02,3.09073e-02,2.97989e-02,-2.88086e-01,0.00000e+00
3.28315e+02,3.09946e-02,2.98862e-02,-2.88086e-01,0.00000e+00
3.28249e+02,3.10820e-02,2.99735e-02,-2.88086e-01,0.00000e+00
3.28183e+02,3.11693e-02,3.00609e-02,-2.88086e-01,0.00000e+00
3.28117e+02,3.12566e-02,3.01482e-02,-2.88086e-01,0.00000e+00
3.28054e+02,3.13439e-02,3.02355e-02,-2.88086e-01,0.00000e+00
3.27991e+02,3.14312e-02,3.03228e-02,-2.88086e-01,0.00000e+00
3.27927e+02,3.15185e-02,3.04101e-02,-2.88086e-01,0.00000e+00
3.27864e+02,3.16058e-02,3.04974e-02,-2.88086e-01,0.00000e+00
3.27801e+02,3.16931e-02,3.05847e-02,-2.88086e-01,0.00000e+00
3.27737e+02,3.17804e-02,3.06720e-02,-2.88086e-01,0.00000e+00
3.27674e+02,3.18677e-02,3.07593e-02,-2.88086e-01,0.00000e+00
3.27611e+02,3.19550e-02,3.08466e-02,-2.88086e-01,0.00000e+00
3.27547e+02,3.20424e-02,3.09339e-02,-2.88086e-01,0.00000e+00
3.27484e+02,3.21297e-02,3.10212e-02,-2.88086e-01,0.00000e+00
3.27421e+02,3.22170e-02,3.11086e-02,-2.88086e-01,0.00000e+00
3.27357e+02,3.23043e-02,3.11959e-02,-2.88086e-01,0.00000e+00
3.27294e+02,3.23916e-02,3.12832e-02,-2.88086e-01,0.00000e+00
3.27231e+02,3.24789e-02,3.13705e-02,-2.88086e-01,0.00000e+00
3.27169e+02,3.25662e-02,3.14578e-02,-2.88086e-01,0.00000e+00
3.27108e+02,3.26535e-02,3.15451e-02,-2.88086e-01,0.00000e+00
3.27048e+02,3.27408e-02,3.16324e-02,-2.88086e-01,0.00000e+00
3.26987e+02,3.28281e-02,3.17197e-02,-2.88086e-01,0.00000e+00
3.26926e+02,3.29154e-02,3.18070e-02,-2.88086e-01,0.00000e+00
3.26865e+02,3.30028e-02,3.18943e-02,-2.88086e-01,0.00000e+00
3.26804e+02,3.30901e-02,3.19816e-02,-2.88086e-01,0.00000e+00
3.26744e+02,3.31774e-02,3.20690e-02,-2.88086e-01,0.00000e+00
3.26683e+02,3.32647e-02,3.21563e-02,-2.88086e-01,0.00000e+00
3.26622e+02,3.33520e-02,3.22436e-02,-2.88086e-01,0.00000e+00
3.26561e+02,3.34393e-02,3.23309e-02,-2.88086e-01,0.00000e+00
3.26500e+02,3.35266e-02,3.24182e-02,-2.88086e-01,0.00000e+00
3.26440e+02,3.36139e-02,3.25055e-02,-2.88086e-01,0.00000e+00
3.26379e+02,3.37012e-02,3.25928e-02,-2.88086e-01,0.00000e+00
3.26318e+02,3.37885e-02,3.26801e-02,-2.88086e-01,0.00000e+00
3.26259e+02,3.38758e-02,3.27674e-02,-2.88086e-01,0.00000e+00
3.26201e+02,3.39632e-02,3.28547e-02,-2.88086e-01,0.00000e+00
3.26143e+02,3.40505e-02,3.29420e-02,-2.88086e-01,0.00000e+00
3.26084e+02,3.41378e-02,3.30294e-02,-2.88086e-01,0.00000e+00
3.26026e+02,3.42251e-02,3.31167e-02,-2.88086e-01,0.00000e+00
3.25967e+02,3.43124e-02,3.32040e-02,-2.88086e-01,0.00000e+00
3.25909e+02,3.43997e-02,3.32913e-02,-2.88086e-01,0.00000e+00
3.25851e+02,3.44870e-02,3.33786e-02,-2.88086e-01,0.00000e+00
3.25792e+02,3.45743e-02,3.34659e-02,-2.88086e-01,0.00000e+00
3.25734e+02,3.46616e-02,3.35532e-02,-2.88086e-01,0.00000e+00
3.25675e+02,3.47489e-02,3.36405e-02,-2.88086e-01,0.00000e+00
3.25617e+02,3.48362e-02,3.37278e-02,-2.88086e-01,0.00000e+00
3.25559e+02,3.49235e-02,3.38151e-02,-2.88086e-01,0.00000e+00
3.25500e+02,3.50109e-02,3.39024e-02,-2.88086e-01,0.00000e+00
3.25442e+02,3.50982e-02,3.39897e-02,-2.88086e-01,0.00000e+00
3.25385e+02,3.51855e-02,3.40771e-02,-2.88086e-01,0.00000e+00
3.25329e+02,3.52728e-02,3.41644e-02,-2.88086e-01,0.00000e+00
3.25272e+02,3.53601e-02,3.42517e-02,-2.88086e-01,0.00000e+00
3.25216e+02,3.54474e-02,3.43390e-02,-2.88086e-01,0.00000e+00
3.25160e+02,3.55347e-02,3.44263e-02,-2.88086e-01,0.00000e+00
3.25104e+02,3.56220e-02,3.45136e-02,-2.88086e-01,0.00000e+00
3.25048e+02,3.57093e-02,3.46009e-02,-2.88086e-01,0.00000e+00
3.24992e+02,3.57966e-02,3.46882e-02,-2.88086e-01,0.00000e+00
3.24935e+02,3.58839e-02,3.47755e-02,-2.88086e-01,0.00000e+00
3.24879e+02,3.59713e-02,3.48628e-02,-2.88086e-01,0.00000e+00
3.24823e+02,3.60586e-02,3.49501e-02,-2.88086e-01,0.00000e+00
3.24767e+02,3.61459e-02,3.50375e-02,-2.88086e-01,0.00000e+00
3.24711e+02,3.62332e-02,3.51248e-02,-2.88086e-01,0.00000e+00
3.24655e+02,3.63205e-02,3.52121e-02,-2.88086e-01,0.00000e+00
3.24598e+02,3.64078e-02,3.52994e-02,-2.88086e-01,0.00000e+00
3.24543e+02,3.64951e-02,3.53867e-02,-2.88086e-01,0.00000e+00
3.24489e+02,3.65824e-02,3.54740e-02,-2.88086e-01,0.00000e+00
3.24435e+02,3.66697e-02,3.55613e-02,-2.88086e-01,0.00000e+00
3.24381e+02,3.67570e-02,3.56486e-02,-2.88086e-01,0.00000e+00
3.24327e+02,3.68443e-02,3.57359e-02,-2.88086e-01,0.00000e+00
3.24273e+02,3.69317e-02,3.58232e-02,-2.88086e-01,0.00000e+00
3.24219e+02,3.70190e-02,3.59105e-02,-2.88086e-01,0.00000e+00
3.24165e+02,3.71063e-02,3.59979e-02,-2.88086e-01,0.00000e+00
3.24110e+02,3.71936e-02,3.60852e-02,-2.88086e-01,0.00000e+00
3.24056e+02,3.72809e-02,3.61725e-02,-2.88086e-01,0.00000e+00
3.24002e+02,3.73682e-02,3.62598e-02,-2.88086e-01,0.00000e+00
3.23948e+02,3.74555e-02,3.63471e-02,-2.88086e-01,0.00000e+00
3.23894e+02,3.75428e-02,3.64344e-02,-2.88086e-01,0.00000e+00
3.23840e+02,3.76301e-02,3.65217e-02,-2.88086e-01,0.00000e+00
3.23786e+02,3.77174e-02,3.66090e-02,-2.88086e-01,0.00000e+00
3.23733e+02,3.78047e-02,3.66963e-02,-2.88086e-01,0.00000e+00
3.23681e+02,3.78921e-02,3.67836e-02,-2.88086e-01,0.00000e+00
3.23628e+02,3.79794e-02,3.68709e-02,-2.88086e-01,0.00000e+00
3.23576e+02,3.80667e-02,3.69583e-02,-2.88086e-01,0.00000e+00
3.23524e+02,3.81540e-02,3.70456e-02,-2.88086e-01,0.00000e+00
3.23472e+02,3.82413e-02,3.71329e-02,-2.88086e-01,0.00000e+00
3.23419e+02,3.83286e-02,3.72202e-02,-2.88086e-01,0.00000e+00
3.23367e+02,3.84159e-02,3.73075e-02,-2.88086e-01,0.00000e+00
3.23315e+02,3.85032e-02,3.73948e-02,-2.88086e-01,0.00000e+00
3.23263e+02,3.85905e-02,3.74821e-02,-2.88086e-01,0.00000e+00
3.23211e+02,3.86778e-02,3.75694e-02,-2.88086e-01,0.00000e+00
3.23158e+02,3.87651e-02,3.76567e-02,-2.88086e-01,0.00000e+00
3.23106e+02,3.88524e-02,3.77440e-02,-2.88086e-01,0.00000e+00
3.23054e+02,3.89398e-02,3.78313e-02,-2.88086e-01,0.00000e+00
3.23002e+02,3.90271e-02,3.79186e-02,-2.88086e-01,0.00000e+00
3.22951e+02,3.91144e-02,3.80060e-02,-2.88086e-01,0.00000e+00
3.22900e+02,3.92017e-02,3.80933e-02,-2.88086e-01,0.00000e+00
3.22850e+02,3.92890e-02,3.81806e-02,-2.88086e-01,0.00000e+00
3.22799e+02,3.93763e-02,3.82679e-02,-2.88086e-01,0.00000e+00
3.22749e+02,3.94636e-02,3.83552e-02,-2.88086e-01,0.00000e+00
3.22698e+02,3.95509e-02,3.84425e-02,-2.88086e-01,0.00000e+00
3.22648e+02,3.96382e-02,3.85298e-02,-2.88086e-01,0.00000e+00
3.22597e+02,3.97255e-02,3.86171e-02,-2.88086e-01,0.00000e+00
3.22547e+02,3.98128e-02,3.87044e-02,-2.88086e-01,0.00000e+00
3.22497e+02,3.99002e-02,3.87917e-02,-2.88086e-01,0.00000e+00
3.22446e+02,3.99875e-02,3.88790e-02,-2.88086e-01,0.00000e+00
3.22396e+02,4.00748e-02,3.89664e-02,-2.88086e-01,0.00000e+00
3.22345e+02,4.01621e-02,3.90537e-02,-2.88086e-01,0.00000e+00
3.22295e+02,4.02494e-02,3.91410e-02,-2.88086e-01,0.00000e+00
3.22244e+02,4.03367e-02,3.92283e-02,-2.88086e-01,0.00000e+00
3.22195e+02,4.04240e-02,3.93156e-02,-2.88086e-01,0.00000e+00
3.22146e+02,4.05113e-02,3.94029e-02,-2.88086e-01,0.00000e+00
3.22098e+02,4.05986e-02,3.94902e-02,-2.88086e-01,0.00000e+00
3.22049e+02,4.06859e-02,3.95775e-02,-2.88086e-01,0.00000e+00
3.22000e+02,4.07732e-02,3.96648e-02,-2.88086e-01,0.00000e+00
3.21951e+02,4.08606e-02,3.97521e-02,-2.88086e-01,0.00000e+00
3.21902e+02,4.09479e-02,3.98394e-02,-2.88086e-01,0.00000e+00
3.21854e+02,4.10352e-02,3.99268e-02,-2.88086e-01,0.00000e+00
3.21805e+02,4.11225e-02,4.00141e-02,-2.88086e-01,0.00000e+00
3.21756e+02,4.12098e-02,4.01014e-02,-2.88086e-01,0.00000e+00
3.21707e+02,4.12971e-02,4.01887e-02,-2.88086e-01,0.00000e+00
3.21658e+02,4.13844e-02,4.02760e-02,-2.88086e-01,0.00000e+00
3.21609e+02,4.14717e-02,4.03633e-02,-2.88086e-01,0.00000e+00
3.21561e+02,4.15590e-02,4.04506e-02,-2.88086e-01,0.00000e+00
3.21512e+02,4.16463e-02,4.05379e-02,-2.88086e-01,0.00000e+00
3.21465e+02,4.17336e-02,4.06252e-02,-2.88086e-01,0.00000e+00
3.21417e+02,4.18210e-02,4.07125e-02,-2.88086e-01,0.00000e+00
3.21370e+02,4.19083e-02,4.07998e-02,-2.88086e-01,0.00000e+00
3.21323e+02,4.19956e-02,4.08872e-02,-2.88086e-01,0.00000e+00
3.21276e+02,4.20829e-02,4.09745e-02,-2.88086e-01,0.00000e+00
3.21228e+02,4.21702e-02,4.10618e-02,-2.88086e-01,0.00000e+00
3.21181e+02,4.22575e-02,4.11491e-02,-2.88086e-01,0.00000e+00
3.21134e+02,4.23448e-02,4.12364e-02,-2.88086e-01,0.00000e+00
3.21086e+02,4.24321e-02,4.13237e-02,-2.88086e-01,0.00000e+00
3.21039e+02,4.25194e-02,4.14110e-02,-2.88086e-01,0.00000e+00
3.20992e+02,4.26067e-02,4.14983e-02,-2.88086e-01,0.00000e+00
3.20945e+02,4.26940e-02,4.15856e-02,-2.88086e-01,0.00000e+00
3.20897e+02,4.27813e-02,4.16729e-02,-2.88086e-01,0.00000e+00
3.20850e+02,4.28687e-02,4.17602e-02,-2.88086e-01,0.00000e+00
3.20803e+02,4.29560e-02,4.18475e-02,-2.88086e-01,0.00000e+00
3.20757e+02,4.30433e-02,4.19349e-02,-2.88086e-01,0.00000e+00
3.20711e+02,4.31306e-02,4.20222e-02,-2.88086e-01,0.00000e+00
3.20666e+02,4.32179e-02,4.21095e-02,-2.88086e-01,0.00000e+00
3.20620e+02,4.33052e-02,4.21968e-02,-2.88086e-01,0.00000e+00
3.20574e+02,4.33925e-02,4.22841e-02,-2.88086e-01,0.00000e+00
3.20528e+02,4.34798e-02,4.23714e-02,-2.88086e-01,0.00000e+00
3.20482e+02,4.35671e-02,4.24587e-02,-2.88086e-01,0.00000e+00
3.20436e+02,4.36544e-02,4.25460e-02,-2.88086e-01,0.00000e+00
3.20391e+02,4.37417e-02,4.26333e-02,-2.88086e-01,0.00000e+00
3.20345e+02,4.38291e-02,4.27206e-02,-2.88086e-01,0.00000e+00
3.20299e+02,4.39164e-02,4.28079e-02,-2.88086e-01,0.00000e+00
3.20253e+02,4.40037e-02,4.28953e-02,-2.88086e-01,0.00000e+00
3.20207e+02,4.40910e-02,4.29826e-02,-2.88086e-01,0.00000e+00
3.20162e+02,4.41783e-02,4.30699e-02,-2.88086e-01,0.00000e+00
3.20116e+02,4.42656e-02,4.31572e-02,-2.88086e-01,0.00000e+00
3.20072e+02,4.43529e-02,4.32445e-02,-2.88086e-01,0.00000e+00
3.20027e+02,4.44402e-02,4.33318e-02,-2.88086e-01,0.00000e+00
3.19983e+02,4.45275e-02,4.34191e-02,-2.88086e-01,0.00000e+00
3.19938e+02,4.46148e-02,4.35064e-02,-2.88086e-01,0.00000e+00
3.19894e+02,4.47021e-02,4.35937e-02,-2.88086e-01,0.00000e+00
3.19849e+02,4.47895e-02,4.36810e-02,-2.88086e-01,0.00000e+00
3.19805e+02,4.48768e-02,4.37683e-02,-2.88086e-01,0.00000e+00
3.19760e+02,4.49641e-02,4.38557e-02,-2.88086e-01,0.00000e+00
3.19716e+02,4.50514e-02,4.39430e-02,-2.88086e-01,0.00000e+00
3.19672e+02,4.51387e-02,4.40303e-02,-2.88086e-01,0.00000e+00
3.19627e+02,4.52260e-02,4.41176e-02,-2.88086e-01,0.00000e+00
3.19583e+02,4.53133e-02,4.42049e-02,-2.88086e-01,0.00000e+00
3.19538e+02,4.54006e-02,4.42922e-02,-2.88086e-01,0.00000e+00
3.19494e+02,4.54879e-02,4.43795e-02,-2.88086e-01,0.00000e+00
3.19450e+02,4.55752e-02,4.44668e-02,-2.88086e-01,0.00000e+00
3.19407e+02,4.56625e-02,4.45541e-02,-2.88086e-01,0.00000e+00
3.19364e+02,4.57499e-02,4.46414e-02,-2.88086e-01,0.00000e+00
3.19320e+02,4.58372e-02,4.47287e-02,-2.88086e-01,0.00000e+00
3.19277e+02,4.59245e-02,4.48160e-02,-2.88086e-01,0.00000e+00
3.19234e+02,4.60118e-02,4.49034e-02,-2.88086e-01,0.00000e+00
3.19191e+02,4.60991e-02,4.49907e-02,-2.88086e-01,0.00000e+00
3.19148e+02,4.61864e-02,4.50780e-02,-2.88086e-01,0.00000e+00
3.19105e+02,4.62737e-02,4.51653e-02,-2.88086e-01,0.00000e+00
3.19062e+02,4.63610e-02,4.52526e-02,-2.88086e-01,0.00000e+00
3.19018e+02,4.64483e-02,4.53399e-02,-2.88086e-01,0.00000e+00
3.18975e+02,4.65356e-02,4.54272e-02,-2.88086e-01,0.00000e+00
3.18932e+02,4.66229e-02,4.55145e-02,-2.88086e-01,0.00000e+00
3.18889e+02,4.67102e-02,4.56018e-02,-2.88086e-01,0.00000e+00
3.18846e+02,4.67976e-02,4.56891e-02,-2.88086e-01,0.00000e+00
3.18803e+02,4.68849e-02,4.57764e-02,-2.88086e-01,0.00000e+00
3.18761e+02,4.69722e-02,4.58638e-02,-2.88086e-01,0.00000e+00
3.18719e+02,4.70595e-02,4.59511e-02,-2.88086e-01,0.00000e+00
3.18677e+02,4.71468e-02,4.60384e-02,-2.88086e-01,0.00000e+00
3.18635e+02,4.72341e-02,4.61257e-02,-2.88086e-01,0.00000e+00
3.18593e+02,4.73214e-02,4.62130e-02,-2.88086e-01,0.00000e+00
3.18552e+02,4.74087e-02,4.63003e-02,-2.88086e-01,0.00000e+00
3.18510e+02,4.74960e-02,4.63876e-02,-2.88086e-01,0.00000e+00
3.18468e+02,4.75833e-02,4.64749e-02,-2.88086e-01,0.00000e+00
3.18426e+02,4.76706e-02,4.65622e-02,-2.88086e-01,0.00000e+00
3.18384e+02,4.77580e-02,4.66495e-02,-2.88086e-01,0.00000e+00
3.18342e+02,4.78453e-02,4.67368e-02,-2.88086e-01,0.00000e+00
3.18300e+02,4.79326e-02,4.68242e-02,-2.88086e-01,0.00000e+00
3.18259e+02,4.80199e-02,4.69115e-02,-2.88086e-01,0.00000e+00
3.18217e+02,4.81072e-02,4.69988e-02,-2.88086e-01,0.00000e+00
3.18175e+02,4.81945e-02,4.70861e-02,-2.88086e-01,0.00000e+00
3.18133e+02,4.82818e-02,4.71734e-02,-2.88086e-01,0.00000e+00
3.18092e+02,4.83691e-02,4.72607e-02,-2.88086e-01,0.00000e+00
3.18052e+02,4.84564e-02,4.73480e-02,-2.88086e-01,0.00000e+00
3.18011e+02,4.85437e-02,4.74353e-02,-2.88086e-01,0.00000e+00
3.17970e+02,4.86310e-02,4.75226e-02,-2.88086e-01,0.00000e+00
3.17930e+02,4.87184e-02,4.76099e-02,-2.88086e-01,0.00000e+00
3.17889e+02,4.88057e-02,4.76972e-02,-2.88086e-01,0.00000e+00
3.17848e+02,4.88930e-02,4.77846e-02,-2.88086e-01,0.00000e+00
3.17808e+02,4.89803e-02,4.78719e-02,-2.88086e-01,0.00000e+00
3.17767e+02,4.90676e-02,4.79592e-02,-2.88086e-01,0.00000e+00
3.17727e+02,4.91549e-02,4.80465e-02,-2.88086e-01,0.00000e+00
3.17686e+02,4.92422e-02,4.81338e-02,-2.88086e-01,0.00000e+00
3.17645e+02,4.93295e-02,4.82211e-02,-2.88086e-01,0.00000e+00
3.17605e+02,4.94168e-02,4.83084e-02,-2.88086e-01,0.00000e+00
3.17564e+02,4.95041e-02,4.83957e-02,-2.88086e-01,0.00000e+00
3.17523e+02,4.95914e-02,4.84830e-02,-2.88086e-01,0.00000e+00
3.17483e+02,4.96788e-02,4.85703e-02,-2.88086e-01,0.00000e+00
3.17443e+02,4.97661e-02,4.86576e-02,-2.88086e-01,0.00000e+00
3.17404e+02,4.98534e-02,4.87449e-02,-2.88086e-01,0.00000e+00
3.17364e+02,4.99407e-02,4.88323e-02,-2.88086e-01,0.00000e+00
3.17325e+02,5.00280e-02,4.89196e-02,-2.88086e-01,0.00000e+00
3.17285e+02,5.01153e-02,4.90069e-02,-2.88086e-01,0.00000e+00
3.17246e+02,5.02026e-02,4.90942e-02,-2.88086e-01,0.00000e+00
3.17206e+02,5.02899e-02,4.91815e-02,-2.88086e-01,0.00000e+00
3.17167e+02,5.03772e-02,4.92688e-02,-2.88086e-01,0.00000e+00
3.17127e+02,5.04645e-02,4.93561e-02,-2.88086e-01,0.00000e+00
3.17088e+02,5.05518e-02,4.94434e-02,-2.88086e-01,0.00000e+00
3.17048e+02,5.06391e-02,4.95307e-02,-2.88086e-01,0.00000e+00
3.17009e+02,5.07265e-02,4.96180e-02,-2.88086e-01,0.00000e+00
3.16970e+02,5.08138e-02,4.97053e-02,-2.88086e-01,0.00000e+00
3.16930e+02,5.09011e-02,4.97927e-02,-2.88086e-01,0.00000e+00
3.16891e+02,5.09884e-02,4.98800e-02,-2.88086e-01,0.00000e+00
3.16851e+02,5.10757e-02,4.99673e-02,-2.88086e-01,0.00000e+00
3.16809e+02,5.11630e-02,5.00546e-02,-2.88086e-01,0.00000e+00
3.16764e+02,5.12503e-02,5.01419e-02,-2.88086e-01,0.00000e+00
3.16719e+02,5.13376e-02,5.02292e-02,-2.88086e-01,0.00000e+00
3.16675e+02,5.14249e-02,5.03165e-02,-2.88086e-01,0.00000e+00
3.16630e+02,5.15122e-02,5.04038e-02,-2.88086e-01,0.00000e+00
3.16586e+02,5.15995e-02,5.04911e-02,-2.88086e-01,0.00000e+00
3.16541e+02,5.16869e-02,5.05784e-02,-2.88086e-01,0.00000e+00
3.16497e+02,5.17742e-02,5.06657e-02,-2.88086e-01,0.00000e+00
3.16452e+02,5.18615e-02,5.07531e-02,-2.88086e-01,0.00000e+00
3.16408e+02,5.19488e-02,5.08404e-02,-2.88086e-01,0.00000e+00
3.16363e+02,5.20361e-02,5.09277e-02,-2.88086e-01,0.00000e+00
3.16319e+02,5.21234e-02,5.10150e-02,-2.88086e-01,0.00000e+00
3.16274e+02,5.22107e-02,5.11023e-02,-2.88086e-01,0.00000e+00
3.16230e+02,5.22980e-02,5.11896e-02,-2.88086e-01,0.00000e+00
3.16185e+02,5.23853e-02,5.12769e-02,-2.88086e-01,0.00000e+00
3.16141e+02,5.24726e-02,5.13642e-02,-2.88086e-01,0.00000e+00
3.16098e+02,5.25599e-02,5.14515e-02,-2.88086e-01,0.00000e+00
3.16054e+02,5.26473e-02,5.15388e-02,-2.88086e-01,0.00000e+00
3.16011e+02,5.27346e-02,5.16261e-02,-2.88086e-01,0.00000e+00
3.15968e+02,5.28219e-02,5.17134e-02,-2.88086e-01,0.00000e+00
3.15924e+02,5.29092e-02,5.18008e-02,-2.88086e-01,0.00000e+00
3.15881e+02,5.29965e-02,5.18881e-02,-2.88086e-01,0.00000e+00
3.15837e+02,5.30838e-02,5.19754e-02,-2.88086e-01,0.00000e+00
3.15794e+02,5.31711e-02,5.20627e-02,-2.88086e-01,0.00000e+00
3.15751e+02,5.32584e-02,5.21500e-02,-2.88086e-01,0.00000e+00
3.15707e+02,5.33457e-02,5.22373e-02,-2.88086e-01,0.00000e+00
3.15664e+02,5.34330e-02,5.23246e-02,-2.88086e-01,0.00000e+00
3.15620e+02,5.35203e-02,5.24119e-02,-2.88086e-01,0.00000e+00
3.15577e+02,5.36077e-02,5.24992e-02,-2.88086e-01,0.00000e+00
3.15534e+02,5.36950e-02,5.25865e-02,-2.88086e-01,0.00000e+00
3.15491e+02,5.37823e-02,5.26738e-02,-2.88086e-01,0.00000e+00
3.15448e+02,5.38696e-02,5.27612e-02,-2.88086e-01,0.00000e+00
3.15406e+02,5.39569e-02,5.28485e-02,-2.88086e-01,0.00000e+00
3.15364e+02,5.40442e-02,5.29358e-02,-2.88086e-01,0.00000e+00
3.15321e+02,5.41315e-02,5.30231e-02,-2.88086e-01,0.00000e+00
3.15279e+02,5.42188e-02,5.31104e-02,-2.88086e-01,0.00000e+00
3.15237e+02,5.43061e-02,5.31977e-02,-2.88086e-01,0.00000e+00
3.15194e+02,5.43934e-02,5.32850e-02,-2.88086e-01,0.00000e+00
3.15152e+02,5.44807e-02,5.33723e-02,-2.88086e-01,0.00000e+00
3.15110e+02,5.45680e-02,5.34596e-02,-2.88086e-01,0.00000e+00
3.15067e+02,5.46554e-02,5.35469e-02,-2.88086e-01,0.00000e+00
3.15025e+02,5.47427e-02,5.36342e-02,-2.88086e-01,0.00000e+00
3.14983e+02,5.48300e-02,5.37216e-02,-2.88086e-01,0.00000e+00
3.14941e+02,5.49173e-02,5.38089e-02,-2.88086e-01,0.00000e+00
3.14898e+02,5.50046e-02,5.38962e-02,-2.88086e-01,0.00000e+00
3.14857e+02,5.50919e-02,5.39835e-02,-2.88086e-01,0.00000e+00
3.14815e+02,5.51792e-02,5.40708e-02,-2.88086e-01,0.00000e+00
3.14774e+02,5.52665e-02,5.41581e-02,-2.88086e-01,0.00000e+00
3.14733e+02,5.53538e-02,5.42454e-02,-2.88086e-01,0.00000e+00
3.14691e+02,5.54411e-02,5.43327e-02,-2.88086e-01,0.00000e+00
3.14650e+02,5.55284e-02,5.44200e-02,-2.88086e-01,0.00000e+00
3.14609e+02,5.56158e-02,5.45073e-02,-2.88086e-01,0.00000e+00
3.14568e+02,5.57031e-02,5.45946e-02,-2.88086e-01,0.00000e+00
3.14526e+02,5.57904e-02,5.46819e-02,-2.88086e-01,0.00000e+00
3.14485e+02,5.58777e-02,5.47693e-02,-2.88086e-01,0.00000e+00
3.14444e+02,5.59650e-02,5.48566e-02,-2.88086e-01,0.00000e+00
3.14403e+02,5.60523e-02,5.49439e-02,-2.88086e-01,0.00000e+00
3.14361e+02,5.61396e-02,5.50312e-02,-2.88086e-01,0.00000e+00
3.14320e+02,5.62269e-02,5.51185e-02,-2.88086e-01,0.00000e+00
3.14279e+02,5.63142e-02,5.52058e-02,-2.88086e-01,0.00000e+00
3.14237e+02,5.64015e-02,5.52931e-02,-2.88086e-01,0.00000e+00
3.14197e+02,5.64888e-02,5.53804e-02,-2.88086e-01,0.00000e+00
3.14157e+02,5.65762e-02,5.54677e-02,-2.88086e-01,0.00000e+00
3.14116e+02,5.66635e-02,5.55550e-02,-2.88086e-01,0.00000e+00
3.14076e+02,5.67508e-02,5.56423e-02,-2.88086e-01,0.00000e+00
3.14036e+02,5.68381e-02,5.57297e-02,-2.88086e-01,0.00000e+00
3.13995e+02,5.69254e-02,5.58170e-02,-2.88086e-01,0.00000e+00
3.13955e+02,5.70127e-02,5.59043e-02,-2.88086e-01,0.00000e+00
3.13915e+02,5.71000e-02,5.59916e-02,-2.88086e-01,0.00000e+00
3.13874e+02,5.71873e-02,5.60789e-02,-2.88086e-01,0.00000e+00
3.13834e+02,5.72746e-02,5.61662e-02,-2.88086e-01,0.00000e+00
3.13794e+02,5.73619e-02,5.62535e-02,-2.88086e-01,0.00000e+00
3.13754e+02,5.74492e-02,5.63408e-02,-2.88086e-01,0.00000e+00
3.13713e+02,5.75365e-02,5.64281e-02,-2.88086e-01,0.00000e+00
3.13674e+02,5.76239e-02,5.65154e-02,-2.88086e-01,0.00000e+00
3.13634e+02,5.77112e-02,5.66027e-02,-2.88086e-01,0.00000e+00
3.13594e+02,5.77985e-02,5.66901e-02,-2.88086e-01,0.00000e+00
3.13555e+02,5.78858e-02,5.67774e-02,-2.88086e-01,0.00000e+00
3.13515e+02,5.79731e-02,5.68647e-02,-2.88086e-01,0.00000e+00
3.13475e+02,5.80604e-02,5.69520e-02,-2.88086e-01,0.00000e+00
3.13436e+02,5.81477e-02,5.70393e-02,-2.88086e-01,0.00000e+00
3.13396e+02,5.82350e-02,5.71266e-02,-2.88086e-01,0.00000e+00
3.13356e+02,5.83223e-02,5.72139e-02,-2.88086e-01,0.00000e+00
3.13317e+02,5.84096e-02,5.73012e-02,-2.88086e-01,0.00000e+00
3.13278e+02,5.84969e-02,5.73885e-02,-2.88086e-01,0.00000e+00
3.13239e+02,5.85843e-02,5.74758e-02,-2.88086e-01,0.00000e+00
3.13200e+02,5.86716e-02,5.75631e-02,-2.88086e-01,0.00000e+00
3.13161e+02,5.87589e-02,5.76505e-02,-2.88086e-01,0.00000e+00
3.13122e+02,5.88462e-02,5.77378e-02,-2.88086e-01,0.00000e+00
3.13083e+02,5.89335e-02,5.78251e-02,-2.88086e-01,0.00000e+00
3.13044e+02,5.90208e-02,5.79124e-02,-2.88086e-01,0.00000e+00
3.13005e+02,5.91081e-02,5.79997e-02,-2.88086e-01,0.00000e+00
3.12966e+02,5.91954e-02,5.80870e-02,-2.88086e-01,0.00000e+00
3.12927e+02,5.92827e-02,5.81743e-02,-2.88086e-01,0.00000e+00
3.12888e+02,5.93700e-02,5.82616e-02,-2.88086e-01,0.00000e+00
3.12849e+02,5.94573e-02,5.83489e-02,-2.88086e-01,0.00000e+00
3.12811e+02,5.95447e-02,5.84362e-02,-2.88086e-01,0.00000e+00
3.12772e+02,5.96320e-02,5.85235e-02,-2.88086e-01,0.00000e+00
3.12734e+02,5.97193e-02,5.86108e-02,-2.88086e-01,0.00000e+00
3.12696e+02,5.98066e-02,5.86982e-02,-2.88086e-01,0.00000e+00
3.12658e+02,5.98939e-02,5.87855e-02,-2.88086e-01,0.00000e+00
3.12619e+02,5.99812e-02,5.88728e-02,-2.88086e-01,0.00000e+00
3.12581e+02,6.00685e-02,5.89601e-02,-2.88086e-01,0.00000e+00
3.12543e+02,6.01558e-02,5.90474e-02,-2.88086e-01,0.00000e+00
3.12505e+02,6.02431e-02,5.91347e-02,-2.88086e-01,0.00000e+00
3.12467e+02,6.03304e-02,5.92220e-02,-2.88086e-01,0.00000e+00
3.12428e+02,6.04177e-02,5.93093e-02,-2.88086e-01,0.00000e+00
3.12390e+02,6.05050e-02,5.93966e-02,-2.88086e-01,0.00000e+00
3.12352e+02,6.05924e-02,5.94839e-02,-2.88086e-01,0.00000e+00
3.12314e+02,6.06797e-02,5.95712e-02,-2.88086e-01,0.00000e+00
3.12276e+02,6.07670e-02,5.96586e-02,-2.88086e-01,0.00000e+00
3.12239e+02,6.08543e-02,5.97459e-02,-2.88086e-01,0.00000e+00
3.12201e+02,6.09416e-02,5.98332e-02,-2.88086e-01,0.00000e+00
3.12164e+02,6.10289e-02,5.99205e-02,-2.88086e-01,0.00000e+00
3.12127e+02,6.11162e-02,6.00078e-02,-2.88086e-01,0.00000e+00
3.12089e+02,6.12035e-02,6.00951e-02,-2.88086e-01,0.00000e+00
3.12052e+02,6.12908e-02,6.01824e-02,-2.88086e-01,0.00000e+00
3.12014e+02,6.13781e-02,6.02697e-02,-2.88086e-01,0.00000e+00
3.11977e+02,6.14654e-02,6.03570e-02,-2.88086e-01,0.00000e+00
3.11940e+02,6.15528e-02,6.04443e-02,-2.88086e-01,0.00000e+00
3.11902e+02,6.16401e-02,6.05316e-02,-2.88086e-01,0.00000e+00
3.11865e+02,6.17274e-02,6.06190e-02,-2.88086e-01,0.00000e+00
3.11827e+02,6.18147e-02,6.07063e-02,-2.88086e-01,0.00000e+00
3.11790e+02,6.19020e-02,6.07936e-02,-2.88086e-01,0.00000e+00
3.11753e+02,6.19893e-02,6.08809e-02,-2.88086e-01,0.00000e+00
3.11716e+02,6.20766e-02,6.09682e-02,-2.88086e-01,0.00000e+00
3.11679e+02,6.21639e-02,6.10555e-02,-2.88086e-01,0.00000e+00
3.11643e+02,6.22512e-02,6.11428e-02,-2.88086e-01,0.00000e+00
3.11606e+02,6.23385e-02,6.12301e-02,-2.88086e-01,0.00000e+00
3.11569e+02,6.24258e-02,6.13174e-02,-2.88086e-01,0.00000e+00
3.11533e+02,6.25132e-02,6.14047e-02,-2.88086e-01,0.00000e+00
3.11496e+02,6.26005e-02,6.14920e-02,-2.88086e-01,0.00000e+00
3.11460e+02,6.26878e-02,6.15794e-02,-2.88086e-01,0.00000e+00
3.11423e+02,6.27751e-02,6.16667e-02,-2.88086e-01,0.00000e+00
3.11386e+02,6.28624e-02,6.17540e-02,-2.88086e-01,0.00000e+00
3.11350e+02,6.29497e-02,6.18413e-02,-2.88086e-01,0.00000e+00
3.11313e+02,6.30370e-02,6.19286e-02,-2.88086e-01,0.00000e+00
3.11277e+02,6.31243e-02,6.20159e-02,-2.88086e-01,0.00000e+00
3.11240e+02,6.32116e-02,6.21032e-02,-2.88086e-01,0.00000e+00
3.11203e+02,6.32989e-02,6.21905e-02,-2.88086e-01,0.00000e+00
3.11168e+02,6.33862e-02,6.22778e-02,-2.88086e-01,0.00000e+00
3.11132e+02,6.34736e-02,6.23651e-02,-2.88086e-01,0.00000e+00
3.11096e+02,6.35609e-02,6.24524e-02,-2.88086e-01,0.00000e+00
3.11060e+02,6.36482e-02,6.25397e-02,-2.88086e-01,0.00000e+00
3.11024e+02,6.37355e-02,6.26271e-02,-2.88086e-01,0.00000e+00
3.10988e+02,6.38228e-02,6.27144e-02,-2.88086e-01,0.00000e+00
3.10953e+02,6.39101e-02,6.28017e-02,-2.88086e-01,0.00000e+00
3.10917e+02,6.39974e-02,6.28890e-02,-2.88086e-01,0.00000e+00
3.10881e+02,6.40847e-02,6.29763e-02,-2.88086e-01,0.00000e+00
3.10845e+02,6.41720e-02,6.30636e-02,-2.88086e-01,0.00000e+00
3.10809e+02,6.42593e-02,6.31509e-02,-2.88086e-01,0.00000e+00
3.10773e+02,6.43466e-02,6.32382e-02,-2.88086e-01,0.00000e+00
3.10738e+02,6.44339e-02,6.33255e-02,-2.88086e-01,0.00000e+00
3.10702e+02,6.45213e-02,6.34128e-02,-2.88086e-01,0.00000e+00
3.10666e+02,6.46086e-02,6.35001e-02,-2.88086e-01,0.00000e+00
3.10631e+02,6.46959e-02,6.35875e-02,-2.88086e-01,0.00000e+00
3.10596e+02,6.47832e-02,6.36748e-02,-2.88086e-01,0.00000e+00
3.10561e+02,6.48705e-02,6.37621e-02,-2.88086e-01,0.00000e+00
3.10525e+02,6.49578e-02,6.38494e-02,-2.88086e-01,0.00000e+00
3.10490e+02,6.50451e-02,6.39367e-02,-2.88086e-01,0.00000e+00
3.10455e+02,6.51324e-02,6.40240e-02,-2.88086e-01,0.00000e+00
3.10420e+02,6.52197e-02,6.41113e-02,-2.88086e-01,0.00000e+00
3.10385e+02,6.53070e-02,6.41986e-02,-2.88086e-01,0.00000e+00
3.10350e+02,6.53943e-02,6.42859e-02,-2.88086e-01,0.00000e+00
3.10315e+02,6.54816e-02,6.43732e-02,-2.88086e-01,0.00000e+00
3.10280e+02,6.55690e-02,6.44605e-02,-2.88086e-01,0.00000e+00
3.10245e+02,6.56563e-02,6.45479e-02,-2.88086e-01,0.00000e+00
3.10210e+02,6.57436e-02,6.46352e-02,-2.88086e-01,0.00000e+00
3.10174e+02,6.58309e-02,6.47225e-02,-2.88086e-01,0.00000e+00
3.10140e+02,6.59182e-02,6.48098e-02,-2.88086e-01,0.00000e+00
3.10105e+02,6.60055e-02,6.48971e-02,-2.88086e-01,0.00000e+00
3.10071e+02,6.60928e-02,6.49844e-02,-2.88086e-01,0.00000e+00
3.10036e+02,6.61801e-02,6.50717e-02,-2.88086e-01,0.00000e+00
3.10002e+02,6.62674e-02,6.51590e-02,-2.88086e-01,0.00000e+00
3.09968e+02,6.63547e-02,6.52463e-02,-2.88086e-01,0.00000e+00
3.09933e+02,6.64421e-02,6.53336e-02,-2.88086e-01,0.00000e+00
3.09899e+02,6.65294e-02,6.54209e-02,-2.88086e-01,0.00000e+00
3.09864e+02,6.66167e-02,6.55083e-02,-2.88086e-01,0.00000e+00
3.09830e+02,6.67040e-02,6.55956e-02,-2.88086e-01,0.00000e+00
3.09795e+02,6.67913e-02,6.56829e-02,-2.88086e-01,0.00000e+00
3.09761e+02,6.68786e-02,6.57702e-02,-2.88086e-01,0.00000e+00
3.09727e+02,6.69659e-02,6.58575e-02,-2.88086e-01,0.00000e+00
3.09692e+02,6.70532e-02,6.59448e-02,-2.88086e-01,0.00000e+00
3.09658e+02,6.71405e-02,6.60321e-02,-2.88086e-01,0.00000e+00
3.09624e+02,6.72278e-02,6.61194e-02,-2.88086e-01,0.00000e+00
3.09590e+02,6.73151e-02,6.62067e-02,-2.88086e-01,0.00000e+00
3.09556e+02,6.74024e-02,6.62940e-02,-2.88086e-01,0.00000e+00
3.09523e+02,6.74898e-02,6.63813e-02,-2.88086e-01,0.00000e+00
3.09489e+02,6.75771e-02,6.64686e-02,-2.88086e-01,0.00000e+00
3.09455e+02,6.76644e-02,6.65560e-02,-2.88086e-01,0.00000e+00
3.09421e+02,6.77517e-02,6.66433e-02,-2.88086e-01,0.00000e+00
3.09388e+02,6.78390e-02,6.67306e-02,-2.88086e-01,0.00000e+00
3.09354e+02,6.79263e-02,6.68179e-02,-2.88086e-01,0.00000e+00
3.09320e+02,6.80136e-02,6.69052e-02,-2.88086e-01,0.00000e+00
3.09286e+02,6.81009e-02,6.69925e-02,-2.88086e-01,0.00000e+00
3.09253e+02,6.81882e-02,6.70798e-02,-2.88086e-01,0.00000e+00
3.09219e+02,6.82755e-02,6.71671e-02,-2.88086e-01,0.00000e+00
3.09185e+02,6.83628e-02,6.72544e-02,-2.88086e-01,0.00000e+00
3.09151e+02,6.84502e-02,6.73417e-02,-2.88086e-01,0.00000e+00
3.09118e+02,6.85375e-02,6.74290e-02,-2.88086e-01,0.00000e+00
3.09085e+02,6.86248e-02,6.75164e-02,-2.88086e-01,0.00000e+00
3.09052e+02,6.87121e-02,6.76037e-02,-2.88086e-01,0.00000e+00
3.09019e+02,6.87994e-02,6.76910e-02,-2.88086e-01,0.00000e+00
3.08986e+02,6.88867e-02,6.77783e-02,-2.88086e-01,0.00000e+00
3.08953e+02,6.89740e-02,6.78656e-02,-2.88086e-01,0.00000e+00
3.08920e+02,6.90613e-02,6.79529e-02,-2.88086e-01,0.00000e+00
3.08887e+02,6.91486e-02,6.80402e-02,-2.88086e-01,0.00000e+00
3.08853e+02,6.92359e-02,6.81275e-02,-2.88086e-01,0.00000e+00
3.08820e+02,6.93232e-02,6.82148e-02,-2.88086e-01,0.00000e+00
3.08787e+02,6.94105e-02,6.83021e-02,-2.88086e-01,0.00000e+00
3.08754e+02,6.94979e-02,6.83894e-02,-2.88086e-01,0.00000e+00
3.08721e+02,6.95852e-02,6.84768e-02,-2.88086e-01,0.00000e+00
3.08688e+02,6.96725e-02,6.85641e-02,-2.88086e-01,0.00000e+00
3.08655e+02,6.97598e-02,6.86514e-02,-2.88086e-01,0.00000e+00
3.08622e+02,6.98471e-02,6.87387e-02,-2.88086e-01,0.00000e+00
3.08590e+02,6.99344e-02,6.88260e-02,-2.88086e-01,0.00000e+00
3.08558e+02,7.00217e-02,6.89133e-02,-2.88086e-01,0.00000e+00
3.08525e+02,7.01090e-02,6.90006e-02,-2.88086e-01,0.00000e+00
3.08493e+02,7.01963e-02,6.90879e-02,-2.88086e-01,0.00000e+00
3.08460e+02,7.02836e-02,6.91752e-02,-2.88086e-01,0.00000e+00
3.08428e+02,7.03709e-02,6.92625e-02,-2.88086e-01,0.00000e+00
3.08395e+02,7.04583e-02,6.93498e-02,-2.88086e-01,0.00000e+00
3.08363e+02,7.05456e-02,6.94372e-02,-2.88086e-01,0.00000e+00
3.08330e+02,7.06329e-02,6.95245e-02,-2.88086e-01,0.00000e+00
3.08298e+02,7.07202e-02,6.96118e-02,-2.88086e-01,0.00000e+00
3.08265e+02,7.08075e-02,6.96991e-02,-2.88086e-01,0.00000e+00
3.08233e+02,7.08948e-02,6.97864e-02,-2.88086e-01,0.00000e+00
3.08200e+02,7.09821e-02,6.98737e-02,-2.88086e-01,0.00000e+00
3.08168e+02,7.10694e-02,6.99610e-02,-2.88086e-01,0.00000e+00
3.08136e+02,7.11567e-02,7.00483e-02,-2.88086e-01,0.00000e+00
3.08104e+02,7.12440e-02,7.01356e-02,-2.88086e-01,0.00000e+00
3.08072e+02,7.13313e-02,7.02229e-02,-2.88086e-01,0.00000e+00
3.08040e+02,7.14187e-02,7.03102e-02,-2.88086e-01,0.00000e+00
3.08009e+02,7.15060e-02,7.03975e-02,-2.88086e-01,0.00000e+00
3.07977e+02,7.15933e-02,7.04849e-02,-2.88086e-01,0.00000e+00
3.07945e+02,7.16806e-02,7.05722e-02,-2.88086e-01,0.00000e+00
3.07913e+02,7.17679e-02,7.06595e-02,-2.88086e-01,0.00000e+00
3.07881e+02,7.18552e-02,7.07468e-02,-2.88086e-01,0.00000e+00
3.07849e+02,7.19425e-02,7.08341e-02,-2.88086e-01,0.00000e+00
3.07817e+02,7.20298e-02,7.09214e-02,-2.88086e-01,0.00000e+00
3.07786e+02,7.21171e-02,7.10087e-02,-2.88086e-01,0.00000e+00
3.07754e+02,7.22044e-02,7.10960e-02,-2.88086e-01,0.00000e+00
3.07722e+02,7.22917e-02,7.11833e-02,-2.88086e-01,0.00000e+00
3.07690e+02,7.23791e-02,7.12706e-02,-2.88086e-01,0.00000e+00
3.07659e+02,7.24664e-02,7.13579e-02,-2.88086e-01,0.00000e+00
3.07628e+02,7.25537e-02,7.14453e-02,-2.88086e-01,0.00000e+00
3.07596e+02,7.26410e-02,7.15326e-02,-2.88086e-01,0.00000e+00
3.07565e+02,7.27283e-02,7.16199e-02,-2.88086e-01,0.00000e+00
3.07534e+02,7.28156e-02,7.17072e-02,-2.88086e-01,0.00000e+00
3.07502e+02,7.29029e-02,7.17945e-02,-2.88086e-01,0.00000e+00
3.07471e+02,7.29902e-02,7.18818e-02,-2.88086e-01,0.00000e+00
3.07440e+02,7.30775e-02,7.19691e-02,-2.88086e-01,0.00000e+00
3.07409e+02,7.31648e-02,7.20564e-02,-2.88086e-01,0.00000e+00
3.07377e+02,7.32521e-02,7.21437e-02,-2.88086e-01,0.00000e+00
3.07346e+02,7.33394e-02,7.22310e-02,-2.88086e-01,0.00000e+00
3.07315e+02,7.34268e-02,7.23183e-02,-2.88086e-01,0.00000e+00
3.07283e+02,7.35141e-02,7.24057e-02,-2.88086e-01,0.00000e+00
3.07252e+02,7.36014e-02,7.24930e-02,-2.88086e-01,0.00000e+00
3.07221e+02,7.36887e-02,7.25803e-02,-2.88086e-01,0.00000e+00
3.07190e+02,7.37760e-02,7.26676e-02,-2.88086e-01,0.00000e+00
3.07160e+02,7.38633e-02,7.27549e-02,-2.88086e-01,0.00000e+00
3.07129e+02,7.39506e-02,7.28422e-02,-2.88086e-01,0.00000e+00
3.07098e+02,7.40379e-02,7.29295e-02,-2.88086e-01,0.00000e+00
3.07067e+02,7.41252e-02,7.30168e-02,-2.88086e-01,0.00000e+00
3.07037e+02,7.42125e-02,7.31041e-02,-2.88086e-01,0.00000e+00
3.07006e+02,7.42998e-02,7.31914e-02,-2.88086e-01,0.00000e+00
3.06975e+02,7.43872e-02,7.32787e-02,-2.88086e-01,0.00000e+00
3.06944e+02,7.44745e-02,7.33660e-02,-2.88086e-01,0.00000e+00
3.06914e+02,7.45618e-02,7.34534e-02,-2.88086e-01,0.00000e+00
3.06883e+02,7.46491e-02,7.35407e-02,-2.88086e-01,0.00000e+00
3.06852e+02,7.47364e-02,7.36280e-02,-2.88086e-01,0.00000e+00
3.06822e+02,7.48237e-02,7.37153e-02,-2.88086e-01,0.00000e+00
3.06791e+02,7.49110e-02,7.38026e-02,-2.88086e-01,0.00000e+00
3.06761e+02,7.49983e-02,7.38899e-02,-2.88086e-01,0.00000e+00
3.06730e+02,7.50856e-02,7.39772e-02,-2.88086e-01,0.00000e+00
3.06700e+02,7.51729e-02,7.40645e-02,-2.88086e-01,0.00000e+00
3.06670e+02,7.52602e-02,7.41518e-02,-2.88086e-01,0.00000e+00
3.06640e+02,7.53476e-02,7.42391e-02,-2.88086e-01,0.00000e+00
3.06610e+02,7.54349e-02,7.43264e-02,-2.88086e-01,0.00000e+00
3.06579e+02,7.55222e-02,7.44138e-02,-2.88086e-01,0.00000e+00
3.06549e+02,7.56095e-02,7.45011e-02,-2.88086e-01,0.00000e+00
3.06519e+02,7.56968e-02,7.45884e-02,-2.88086e-01,0.00000e+00
3.06489e+02,7.57841e-02,7.46757e-02,-2.88086e-01,0.00000e+00
3.06459e+02,7.58714e-02,7.47630e-02,-2.88086e-01,0.00000e+00
3.06428e+02,7.59587e-02,7.48503e-02,-2.88086e-01,0.00000e+00
3.06398e+02,7.60460e-02,7.49376e-02,-2.88086e-01,0.00000e+00
3.06368e+02,7.61333e-02,7.50249e-02,-2.88086e-01,0.00000e+00
3.06338e+02,7.62206e-02,7.51122e-02,-2.88086e-01,0.00000e+00
3.06308e+02,7.63080e-02,7.51995e-02,-2.88086e-01,0.00000e+00
3.06279e+02,7.63953e-02,7.52868e-02,-2.88086e-01,0.00000e+00
3.06249e+02,7.64826e-02,7.53742e-02,-2.88086e-01,0.00000e+00
3.06219e+02,7.65699e-02,7.54615e-02,-2.88086e-01,0.00000e+00
3.06189e+02,7.66572e-02,7.55488e-02,-2.88086e-01,0.00000e+00
3.06160e+02,7.67445e-02,7.56361e-02,-2.88086e-01,0.00000e+00
3.06130e+02,7.68318e-02,7.57234e-02,-2.88086e-01,0.00000e+00
3.06100e+02,7.69191e-02,7.58107e-02,-2.88086e-01,0.00000e+00
3.06071e+02,7.70064e-02,7.58980e-02,-2.88086e-01,0.00000e+00
3.06041e+02,7.70937e-02,7.59853e-02,-2.88086e-01,0.00000e+00
3.06011e+02,7.71810e-02,7.60726e-02,-2.88086e-01,0.00000e+00
3.05982e+02,7.72683e-02,7.61599e-02,-2.88086e-01,0.00000e+00
3.05952e+02,7.73557e-02,7.62472e-02,-2.88086e-01,0.00000e+00
3.05922e+02,7.74430e-02,7.63346e-02,-2.88086e-01,0.00000e+00
3.05893e+02,7.75303e-02,7.64219e-02,-2.88086e-01,0.00000e+00
3.05864e+02,7.76176e-02,7.65092e-02,-2.88086e-01,0.00000e+00
3.05835e+02,7.77049e-02,7.65965e-02,-2.88086e-01,0.00000e+00
3.05805e+02,7.77922e-02,7.66838e-02,-2.88086e-01,0.00000e+00
3.05776e+02,7.78795e-02,7.67711e-02,-2.88086e-01,0.00000e+00
3.05747e+02,7.79668e-02,7.68584e-02,-2.88086e-01,0.00000e+00
3.05718e+02,7.80541e-02,7.69457e-02,-2.88086e-01,0.00000e+00
3.05689e+02,7.81414e-02,7.70330e-02,-2.88086e-01,0.00000e+00
3.05659e+02,7.82287e-02,7.71203e-02,-2.88086e-01,0.00000e+00
3.05630e+02,7.83161e-02,7.72076e-02,-2.88086e-01,0.00000e+00
3.05601e+02,7.84034e-02,7.72949e-02,-2.88086e-01,0.00000e+00
3.05572e+02,7.84907e-02,7.73823e-02,-2.88086e-01,0.00000e+00
3.05543e+02,7.85780e-02,7.74696e-02,-2.88086e-01,0.00000e+00
3.05513e+02,7.86653e-02,7.75569e-02,-2.88086e-01,0.00000e+00
3.05484e+02,7.87526e-02,7.76442e-02,-2.88086e-01,0.00000e+00
3.05456e+02,7.88399e-02,7.77315e-02,-2.88086e-01,0.00000e+00
3.05427e+02,7.89272e-02,7.78188e-02,-2.88086e-01,0.00000e+00
3.05398e+02,7.90145e-02,7.79061e-02,-2.88086e-01,0.00000e+00
3.05369e+02,7.91018e-02,7.79934e-02,-2.88086e-01,0.00000e+00
3.05341e+02,7.91891e-02,7.80807e-02,-2.88086e-01,0.00000e+00
3.05312e+02,7.92764e-02,7.81680e-02,-2.88086e-01,0.00000e+00
3.05283e+02,7.93638e-02,7.82553e-02,-2.88086e-01,0.00000e+00
3.05255e+02,7.94511e-02,7.83427e-02,-2.88086e-01,0.00000e+00
3.05226e+02,7.95384e-02,7.84300e-02,-2.88086e-01,0.00000e+00
3.05197e+02,7.96257e-02,7.85173e-02,-2.88086e-01,0.00000e+00
3.05168e+02,7.97130e-02,7.86046e-02,-2.88086e-01,0.00000e+00
3.05140e+02,7.98003e-02,7.86919e-02,-2.88086e-01,0.00000e+00
3.05111e+02,7.98876e-02,7.87792e-02,-2.88086e-01,0.00000e+00
3.05082e+02,7.99749e-02,7.88665e-02,-2.88086e-01,0.00000e+00
3.05054e+02,8.00622e-02,7.89538e-02,-2.88086e-01,0.00000e+00
3.05026e+02,8.01495e-02,7.90411e-02,-2.88086e-01,0.00000e+00
3.04997e+02,8.02369e-02,7.91284e-02,-2.88086e-01,0.00000e+00
3.04969e+02,8.03242e-02,7.92157e-02,-2.88086e-01,0.00000e+00
3.04941e+02,8.04115e-02,7.93031e-02,-2.88086e-01,0.00000e+00
3.04913e+02,8.04988e-02,7.93904e-02,-2.88086e-01,0.00000e+00
3.04884e+02,8.05861e-02,7.94777e-02,-2.88086e-01,0.00000e+00
3.04856e+02,8.06734e-02,7.95650e-02,-2.88086e-01,0.00000e+00
3.04828e+02,8.07607e-02,7.96523e-02,-2.88086e-01,0.00000e+00
3.04800e+02,8.08480e-02,7.97396e-02,-2.88086e-01,0.00000e+00
3.04771e+02,8.09353e-02,7.98269e-02,-2.88086e-01,0.00000e+00
3.04743e+02,8.10226e-02,7.99142e-02,-2.88086e-01,0.00000e+00
3.04715e+02,8.11099e-02,8.00015e-02,-2.88086e-01,0.00000e+00
3.04687e+02,8.11972e-02,8.00888e-02,-2.88086e-01,0.00000e+00
3.04658e+02,8.12846e-02,8.01761e-02,-2.88086e-01,0.00000e+00
3.04631e+02,8.13719e-02,8.02635e-02,-2.88086e-01,0.00000e+00
3.04603e+02,8.14592e-02,8.03508e-02,-2.88086e-01,0.00000e+00
3.04575e+02,8.15465e-02,8.04381e-02,-2.88086e-01,0.00000e+00
3.04547e+02,8.16338e-02,8.05254e-02,-2.88086e-01,0.00000e+00
3.04519e+02,8.17211e-02,8.06127e-02,-2.88086e-01,0.00000e+00
3.04492e+02,8.18084e-02,8.07000e-02,-2.88086e-01,0.00000e+00
3.04464e+02,8.18957e-02,8.07873e-02,-2.88086e-01,0.00000e+00
3.04436e+02,8.19830e-02,8.08746e-02,-2.88086e-01,0.00000e+00
3.04408e+02,8.20703e-02,8.09619e-02,-2.88086e-01,0.00000e+00
3.04380e+02,8.21576e-02,8.10492e-02,-2.88086e-01,0.00000e+00
3.04353e+02,8.22450e-02,8.11365e-02,-2.88086e-01,0.00000e+00
3.04325e+02,8.23323e-02,8.12238e-02,-2.88086e-01,0.00000e+00
3.04297e+02,8.24196e-02,8.13112e-02,-2.88086e-01,0.00000e+00
3.04269e+02,8.25069e-02,8.13985e-02,-2.88086e-01,0.00000e+00
3.04242e+02,8.25942e-02,8.14858e-02,-2.88086e-01,0.00000e+00
3.04214e+02,8.26815e-02,8.15731e-02,-2.88086e-01,0.00000e+00
3.04187e+02,8.27688e-02,8.16604e-02,-2.88086e-01,0.00000e+00
3.04159e+02,8.28561e-02,8.17477e-02,-2.88086e-01,0.00000e+00
3.04132e+02,8.29434e-02,8.18350e-02,-2.88086e-01,0.00000e+00
3.04105e+02,8.30307e-02,8.19223e-02,-2.88086e-01,0.00000e+00
3.04077e+02,8.31180e-02,8.20096e-02,-2.88086e-01,0.00000e+00
3.04050e+02,8.32053e-02,8.20969e-02,-2.88086e-01,0.00000e+00
3.04022e+02,8.32927e-02,8.21842e-02,-2.88086e-01,0.00000e+00
3.03995e+02,8.33800e-02,8.22716e-02,-2.88086e-01,0.00000e+00
3.03967e+02,8.34673e-02,8.23589e-02,-2.88086e-01,0.00000e+00
3.03940e+02,8.35546e-02,8.24462e-02,-2.88086e-01,0.00000e+00
3.03913e+02,8.36419e-02,8.25335e-02,-2.88086e-01,0.00000e+00
3.03886e+02,8.37292e-02,8.26208e-02,-2.88086e-01,0.00000e+00
3.03859e+02,8.38165e-02,8.27081e-02,-2.88086e-01,0.00000e+00
3.03832e+02,8.39038e-02,8.27954e-02,-2.88086e-01,0.00000e+00
3.03805e+02,8.39911e-02,8.28827e-02,-2.88086e-01,0.00000e+00
3.03778e+02,8.40784e-02,8.29700e-02,-2.88086e-01,0.00000e+00
3.03751e+02,8.41658e-02,8.30573e-02,-2.88086e-01,0.00000e+00
3.03724e+02,8.42531e-02,8.31446e-02,-2.88086e-01,0.00000e+00
3.03697e+02,8.43404e-02,8.32319e-02,-2.88086e-01,0.00000e+00
3.03670e+02,8.44277e-02,8.33193e-02,-2.88086e-01,0.00000e+00
3.03643e+02,8.45150e-02,8.34066e-02,-2.88086e-01,0.00000e+00
3.03615e+02,8.46023e-02,8.34939e-02,-2.88086e-01,0.00000e+00
3.03588e+02,8.46896e-02,8.35812e-02,-2.88086e-01,0.00000e+00
3.03561e+02,8.47769e-02,8.36685e-02,-2.88086e-01,0.00000e+00
3.03534e+02,8.48642e-02,8.37558e-02,-2.88086e-01,0.00000e+00
3.03508e+02,8.49515e-02,8.38431e-02,-2.88086e-01,0.00000e+00
3.03481e+02,8.50388e-02,8.39304e-02,-2.88086e-01,0.00000e+00
3.03455e+02,8.51261e-02,8.40177e-02,-2.88086e-01,0.00000e+00
3.03428e+02,8.52135e-02,8.41050e-02,-2.88086e-01,0.00000e+00
3.03401e+02,8.53008e-02,8.41924e-02,-2.88086e-01,0.00000e+00
3.03375e+02,8.53881e-02,8.42797e-02,-2.88086e-01,0.00000e+00
3.03348e+02,8.54754e-02,8.43670e-02,-2.88086e-01,0.00000e+00
3.03322e+02,8.55627e-02,8.44543e-02,-2.88086e-01,0.00000e+00
3.03295e+02,8.56500e-02,8.45416e-02,-2.88086e-01,0.00000e+00
3.03268e+02,8.57373e-02,8.46289e-02,-2.88086e-01,0.00000e+00
3.03242e+02,8.58246e-02,8.47162e-02,-2.88086e-01,0.00000e+00
3.03215e+02,8.59119e-02,8.48035e-02,-2.88086e-01,0.00000e+00
3.03188e+02,8.59992e-02,8.48908e-02,-2.88086e-01,0.00000e+00
3.03162e+02,8.60865e-02,8.49781e-02,-2.88086e-01,0.00000e+00
3.03141e+02,8.61739e-02,8.50654e-02,-2.88086e-01,0.00000e+00
3.03121e+02,8.62612e-02,8.51527e-02,-2.88086e-01,0.00000e+00
3.03102e+02,8.63485e-02,8.52401e-02,-2.88086e-01,0.00000e+00
3.03083e+02,8.64358e-02,8.53274e-02,-2.88086e-01,0.00000e+00
3.03064e+02,8.65231e-02,8.54147e-02,-2.88086e-01,0.00000e+00
3.03044e+02,8.66104e-02,8.55020e-02,-2.88086e-01,0.00000e+00
3.03025e+02,8.66977e-02,8.55893e-02,-2.88086e-01,0.00000e+00
3.03006e+02,8.67850e-02,8.56766e-02,-2.88086e-01,0.00000e+00
3.02987e+02,8.68723e-02,8.57639e-02,-2.88086e-01,0.00000e+00
3.02967e+02,8.69596e-02,8.58512e-02,-2.88086e-01,0.00000e+00
3.02948e+02,8.70469e-02,8.59385e-02,-2.88086e-01,0.00000e+00
3.02929e+02,8.71342e-02,8.60258e-02,-2.88086e-01,0.00000e+00
3.02909e+02,8.72216e-02,8.61131e-02,-2.88086e-01,0.00000e+00
3.02890e+02,8.73089e-02,8.62005e-02,-2.88086e-01,0.00000e+00
